date,asset_id,provider,esg_raw
2023-07-03,AAPL,demo,61.52
2023-07-03,MSFT,demo,79.53
2023-07-03,GOOGL,demo,71.38
2023-07-03,AMZN,demo,67.43
2023-07-03,TSLA,demo,54.11
2023-07-04,AAPL,demo,60.31
2023-07-04,MSFT,demo,75.91
2023-07-04,GOOGL,demo,72.91
2023-07-04,AMZN,demo,68.78
2023-07-04,TSLA,demo,53.16
2023-07-05,AAPL,demo,60.81
2023-07-05,MSFT,demo,77.78
2023-07-05,GOOGL,demo,71.26
2023-07-05,AMZN,demo,65.82
2023-07-05,TSLA,demo,54.05
2023-07-06,AAPL,demo,61.83
2023-07-06,MSFT,demo,81.08
2023-07-06,GOOGL,demo,72.35
2023-07-06,AMZN,demo,68.08
2023-07-06,TSLA,demo,54.17
2023-07-07,AAPL,demo,60.64
2023-07-07,MSFT,demo,79.47
2023-07-07,GOOGL,demo,72.25
2023-07-07,AMZN,demo,67.32
2023-07-07,TSLA,demo,53.66
2023-07-10,AAPL,demo,61.07
2023-07-10,MSFT,demo,77.99
2023-07-10,GOOGL,demo,71.95
2023-07-10,AMZN,demo,67.73
2023-07-10,TSLA,demo,55.07
2023-07-11,AAPL,demo,59.97
2023-07-11,MSFT,demo,79.61
2023-07-11,GOOGL,demo,74.74
2023-07-11,AMZN,demo,69.15
2023-07-11,TSLA,demo,54.9
2023-07-12,AAPL,demo,62.12
2023-07-12,MSFT,demo,77.51
2023-07-12,GOOGL,demo,70.38
2023-07-12,AMZN,demo,68.73
2023-07-12,TSLA,demo,54.14
2023-07-13,AAPL,demo,59.89
2023-07-13,MSFT,demo,77.64
2023-07-13,GOOGL,demo,70.83
2023-07-13,AMZN,demo,68.09
2023-07-13,TSLA,demo,55.26
2023-07-14,AAPL,demo,62.12
2023-07-14,MSFT,demo,79.42
2023-07-14,GOOGL,demo,72.71
2023-07-14,AMZN,demo,67.75
2023-07-14,TSLA,demo,54.06
2023-07-17,AAPL,demo,59.73
2023-07-17,MSFT,demo,79.62
2023-07-17,GOOGL,demo,71.78
2023-07-17,AMZN,demo,67.55
2023-07-17,TSLA,demo,55.86
2023-07-18,AAPL,demo,60.34
2023-07-18,MSFT,demo,79.36
2023-07-18,GOOGL,demo,72.26
2023-07-18,AMZN,demo,66.92
2023-07-18,TSLA,demo,54.6
2023-07-19,AAPL,demo,62.21
2023-07-19,MSFT,demo,79.32
2023-07-19,GOOGL,demo,73.46
2023-07-19,AMZN,demo,68.3
2023-07-19,TSLA,demo,58.05
2023-07-20,AAPL,demo,60.32
2023-07-20,MSFT,demo,78.12
2023-07-20,GOOGL,demo,71.9
2023-07-20,AMZN,demo,66.54
2023-07-20,TSLA,demo,55.72
2023-07-21,AAPL,demo,62.14
2023-07-21,MSFT,demo,78.54
2023-07-21,GOOGL,demo,71.43
2023-07-21,AMZN,demo,66.46
2023-07-21,TSLA,demo,53.89
2023-07-24,AAPL,demo,61.98
2023-07-24,MSFT,demo,78.31
2023-07-24,GOOGL,demo,71.53
2023-07-24,AMZN,demo,68.46
2023-07-24,TSLA,demo,55.84
2023-07-25,AAPL,demo,61.49
2023-07-25,MSFT,demo,78.84
2023-07-25,GOOGL,demo,73.33
2023-07-25,AMZN,demo,68.14
2023-07-25,TSLA,demo,54.37
2023-07-26,AAPL,demo,61.91
2023-07-26,MSFT,demo,78.26
2023-07-26,GOOGL,demo,71.59
2023-07-26,AMZN,demo,69.23
2023-07-26,TSLA,demo,54.39
2023-07-27,AAPL,demo,58.58
2023-07-27,MSFT,demo,78.87
2023-07-27,GOOGL,demo,71.56
2023-07-27,AMZN,demo,67.67
2023-07-27,TSLA,demo,55.13
2023-07-28,AAPL,demo,61.07
2023-07-28,MSFT,demo,78.74
2023-07-28,GOOGL,demo,69.94
2023-07-28,AMZN,demo,67.02
2023-07-28,TSLA,demo,56.08
2023-07-31,AAPL,demo,61.22
2023-07-31,MSFT,demo,76.85
2023-07-31,GOOGL,demo,70.89
2023-07-31,AMZN,demo,66.97
2023-07-31,TSLA,demo,54.78
2023-08-01,AAPL,demo,60.8
2023-08-01,MSFT,demo,77.86
2023-08-01,GOOGL,demo,71.96
2023-08-01,AMZN,demo,68.44
2023-08-01,TSLA,demo,54.42
2023-08-02,AAPL,demo,60.66
2023-08-02,MSFT,demo,78.1
2023-08-02,GOOGL,demo,72.3
2023-08-02,AMZN,demo,67.95
2023-08-02,TSLA,demo,55.45
2023-08-03,AAPL,demo,60.09
2023-08-03,MSFT,demo,77.75
2023-08-03,GOOGL,demo,72.73
2023-08-03,AMZN,demo,67.16
2023-08-03,TSLA,demo,56.06
2023-08-04,AAPL,demo,62.64
2023-08-04,MSFT,demo,79.91
2023-08-04,GOOGL,demo,71.08
2023-08-04,AMZN,demo,68.04
2023-08-04,TSLA,demo,54.19
2023-08-07,AAPL,demo,62.16
2023-08-07,MSFT,demo,80.23
2023-08-07,GOOGL,demo,72.83
2023-08-07,AMZN,demo,67.97
2023-08-07,TSLA,demo,54.32
2023-08-08,AAPL,demo,61.89
2023-08-08,MSFT,demo,77.3
2023-08-08,GOOGL,demo,72.5
2023-08-08,AMZN,demo,67.05
2023-08-08,TSLA,demo,55.3
2023-08-09,AAPL,demo,61.08
2023-08-09,MSFT,demo,78.13
2023-08-09,GOOGL,demo,71.07
2023-08-09,AMZN,demo,67.6
2023-08-09,TSLA,demo,55.24
2023-08-10,AAPL,demo,62.28
2023-08-10,MSFT,demo,79.05
2023-08-10,GOOGL,demo,73.32
2023-08-10,AMZN,demo,70.5
2023-08-10,TSLA,demo,54.36
2023-08-11,AAPL,demo,61.03
2023-08-11,MSFT,demo,77.08
2023-08-11,GOOGL,demo,73.15
2023-08-11,AMZN,demo,69.26
2023-08-11,TSLA,demo,53.81
2023-08-14,AAPL,demo,61.85
2023-08-14,MSFT,demo,79.74
2023-08-14,GOOGL,demo,72.19
2023-08-14,AMZN,demo,68.81
2023-08-14,TSLA,demo,54.86
2023-08-15,AAPL,demo,60.02
2023-08-15,MSFT,demo,79.57
2023-08-15,GOOGL,demo,73.28
2023-08-15,AMZN,demo,68.69
2023-08-15,TSLA,demo,53.73
2023-08-16,AAPL,demo,60.49
2023-08-16,MSFT,demo,77.39
2023-08-16,GOOGL,demo,72.73
2023-08-16,AMZN,demo,69.23
2023-08-16,TSLA,demo,55.11
2023-08-17,AAPL,demo,62.18
2023-08-17,MSFT,demo,77.65
2023-08-17,GOOGL,demo,72.11
2023-08-17,AMZN,demo,66.59
2023-08-17,TSLA,demo,53.91
2023-08-18,AAPL,demo,62.11
2023-08-18,MSFT,demo,78.28
2023-08-18,GOOGL,demo,73.17
2023-08-18,AMZN,demo,68.5
2023-08-18,TSLA,demo,57.41
2023-08-21,AAPL,demo,61.33
2023-08-21,MSFT,demo,77.12
2023-08-21,GOOGL,demo,71.93
2023-08-21,AMZN,demo,67.0
2023-08-21,TSLA,demo,55.66
2023-08-22,AAPL,demo,61.28
2023-08-22,MSFT,demo,78.38
2023-08-22,GOOGL,demo,71.84
2023-08-22,AMZN,demo,68.7
2023-08-22,TSLA,demo,54.23
2023-08-23,AAPL,demo,62.01
2023-08-23,MSFT,demo,79.57
2023-08-23,GOOGL,demo,71.62
2023-08-23,AMZN,demo,67.03
2023-08-23,TSLA,demo,54.17
2023-08-24,AAPL,demo,61.95
2023-08-24,MSFT,demo,78.61
2023-08-24,GOOGL,demo,72.59
2023-08-24,AMZN,demo,69.72
2023-08-24,TSLA,demo,54.91
2023-08-25,AAPL,demo,60.43
2023-08-25,MSFT,demo,79.58
2023-08-25,GOOGL,demo,72.01
2023-08-25,AMZN,demo,68.83
2023-08-25,TSLA,demo,55.75
2023-08-28,AAPL,demo,60.28
2023-08-28,MSFT,demo,79.9
2023-08-28,GOOGL,demo,72.86
2023-08-28,AMZN,demo,67.36
2023-08-28,TSLA,demo,54.99
2023-08-29,AAPL,demo,61.49
2023-08-29,MSFT,demo,78.55
2023-08-29,GOOGL,demo,72.83
2023-08-29,AMZN,demo,69.4
2023-08-29,TSLA,demo,54.69
2023-08-30,AAPL,demo,62.57
2023-08-30,MSFT,demo,79.51
2023-08-30,GOOGL,demo,72.19
2023-08-30,AMZN,demo,68.14
2023-08-30,TSLA,demo,53.53
2023-08-31,AAPL,demo,59.74
2023-08-31,MSFT,demo,78.69
2023-08-31,GOOGL,demo,71.1
2023-08-31,AMZN,demo,67.92
2023-08-31,TSLA,demo,54.15
2023-09-01,AAPL,demo,59.45
2023-09-01,MSFT,demo,78.88
2023-09-01,GOOGL,demo,71.55
2023-09-01,AMZN,demo,68.04
2023-09-01,TSLA,demo,53.79
2023-09-04,AAPL,demo,60.9
2023-09-04,MSFT,demo,80.08
2023-09-04,GOOGL,demo,72.09
2023-09-04,AMZN,demo,68.51
2023-09-04,TSLA,demo,53.41
2023-09-05,AAPL,demo,63.63
2023-09-05,MSFT,demo,80.36
2023-09-05,GOOGL,demo,73.32
2023-09-05,AMZN,demo,68.79
2023-09-05,TSLA,demo,54.7
2023-09-06,AAPL,demo,61.68
2023-09-06,MSFT,demo,79.57
2023-09-06,GOOGL,demo,71.33
2023-09-06,AMZN,demo,67.52
2023-09-06,TSLA,demo,53.01
2023-09-07,AAPL,demo,60.46
2023-09-07,MSFT,demo,80.18
2023-09-07,GOOGL,demo,71.63
2023-09-07,AMZN,demo,67.64
2023-09-07,TSLA,demo,55.0
2023-09-08,AAPL,demo,59.62
2023-09-08,MSFT,demo,79.47
2023-09-08,GOOGL,demo,73.23
2023-09-08,AMZN,demo,68.34
2023-09-08,TSLA,demo,56.33
2023-09-11,AAPL,demo,59.91
2023-09-11,MSFT,demo,80.37
2023-09-11,GOOGL,demo,71.23
2023-09-11,AMZN,demo,66.68
2023-09-11,TSLA,demo,54.44
2023-09-12,AAPL,demo,63.11
2023-09-12,MSFT,demo,78.5
2023-09-12,GOOGL,demo,71.03
2023-09-12,AMZN,demo,66.66
2023-09-12,TSLA,demo,54.58
2023-09-13,AAPL,demo,59.24
2023-09-13,MSFT,demo,77.22
2023-09-13,GOOGL,demo,73.5
2023-09-13,AMZN,demo,69.28
2023-09-13,TSLA,demo,54.55
2023-09-14,AAPL,demo,60.77
2023-09-14,MSFT,demo,78.58
2023-09-14,GOOGL,demo,74.31
2023-09-14,AMZN,demo,68.36
2023-09-14,TSLA,demo,55.59
2023-09-15,AAPL,demo,61.03
2023-09-15,MSFT,demo,78.58
2023-09-15,GOOGL,demo,72.61
2023-09-15,AMZN,demo,68.09
2023-09-15,TSLA,demo,52.78
2023-09-18,AAPL,demo,62.52
2023-09-18,MSFT,demo,77.91
2023-09-18,GOOGL,demo,74.07
2023-09-18,AMZN,demo,68.65
2023-09-18,TSLA,demo,54.75
2023-09-19,AAPL,demo,61.68
2023-09-19,MSFT,demo,78.41
2023-09-19,GOOGL,demo,71.47
2023-09-19,AMZN,demo,68.17
2023-09-19,TSLA,demo,55.57
2023-09-20,AAPL,demo,60.77
2023-09-20,MSFT,demo,77.9
2023-09-20,GOOGL,demo,71.6
2023-09-20,AMZN,demo,68.91
2023-09-20,TSLA,demo,56.13
2023-09-21,AAPL,demo,61.6
2023-09-21,MSFT,demo,79.1
2023-09-21,GOOGL,demo,71.33
2023-09-21,AMZN,demo,68.84
2023-09-21,TSLA,demo,55.23
2023-09-22,AAPL,demo,60.53
2023-09-22,MSFT,demo,76.73
2023-09-22,GOOGL,demo,70.74
2023-09-22,AMZN,demo,67.29
2023-09-22,TSLA,demo,55.84
2023-09-25,AAPL,demo,62.79
2023-09-25,MSFT,demo,78.08
2023-09-25,GOOGL,demo,71.55
2023-09-25,AMZN,demo,68.22
2023-09-25,TSLA,demo,54.69
2023-09-26,AAPL,demo,62.17
2023-09-26,MSFT,demo,78.0
2023-09-26,GOOGL,demo,72.91
2023-09-26,AMZN,demo,67.72
2023-09-26,TSLA,demo,55.53
2023-09-27,AAPL,demo,60.97
2023-09-27,MSFT,demo,77.91
2023-09-27,GOOGL,demo,73.87
2023-09-27,AMZN,demo,69.02
2023-09-27,TSLA,demo,52.89
2023-09-28,AAPL,demo,60.79
2023-09-28,MSFT,demo,79.73
2023-09-28,GOOGL,demo,70.76
2023-09-28,AMZN,demo,68.73
2023-09-28,TSLA,demo,55.35
2023-09-29,AAPL,demo,60.54
2023-09-29,MSFT,demo,78.51
2023-09-29,GOOGL,demo,69.87
2023-09-29,AMZN,demo,69.73
2023-09-29,TSLA,demo,54.37
2023-10-02,AAPL,demo,62.04
2023-10-02,MSFT,demo,79.14
2023-10-02,GOOGL,demo,73.32
2023-10-02,AMZN,demo,67.53
2023-10-02,TSLA,demo,54.88
2023-10-03,AAPL,demo,61.8
2023-10-03,MSFT,demo,79.39
2023-10-03,GOOGL,demo,73.11
2023-10-03,AMZN,demo,67.48
2023-10-03,TSLA,demo,54.02
2023-10-04,AAPL,demo,62.6
2023-10-04,MSFT,demo,76.48
2023-10-04,GOOGL,demo,73.53
2023-10-04,AMZN,demo,67.66
2023-10-04,TSLA,demo,54.68
2023-10-05,AAPL,demo,60.55
2023-10-05,MSFT,demo,78.47
2023-10-05,GOOGL,demo,73.23
2023-10-05,AMZN,demo,68.73
2023-10-05,TSLA,demo,55.17
2023-10-06,AAPL,demo,61.33
2023-10-06,MSFT,demo,77.08
2023-10-06,GOOGL,demo,71.12
2023-10-06,AMZN,demo,67.62
2023-10-06,TSLA,demo,55.14
2023-10-09,AAPL,demo,61.31
2023-10-09,MSFT,demo,79.5
2023-10-09,GOOGL,demo,72.43
2023-10-09,AMZN,demo,68.01
2023-10-09,TSLA,demo,56.96
2023-10-10,AAPL,demo,61.64
2023-10-10,MSFT,demo,78.09
2023-10-10,GOOGL,demo,73.82
2023-10-10,AMZN,demo,69.16
2023-10-10,TSLA,demo,56.5
2023-10-11,AAPL,demo,61.13
2023-10-11,MSFT,demo,79.5
2023-10-11,GOOGL,demo,70.51
2023-10-11,AMZN,demo,68.74
2023-10-11,TSLA,demo,54.52
2023-10-12,AAPL,demo,59.88
2023-10-12,MSFT,demo,79.55
2023-10-12,GOOGL,demo,70.15
2023-10-12,AMZN,demo,66.05
2023-10-12,TSLA,demo,55.04
2023-10-13,AAPL,demo,61.81
2023-10-13,MSFT,demo,79.49
2023-10-13,GOOGL,demo,72.7
2023-10-13,AMZN,demo,69.44
2023-10-13,TSLA,demo,55.38
2023-10-16,AAPL,demo,61.1
2023-10-16,MSFT,demo,78.45
2023-10-16,GOOGL,demo,71.68
2023-10-16,AMZN,demo,68.26
2023-10-16,TSLA,demo,53.58
2023-10-17,AAPL,demo,61.58
2023-10-17,MSFT,demo,78.44
2023-10-17,GOOGL,demo,72.24
2023-10-17,AMZN,demo,68.24
2023-10-17,TSLA,demo,52.23
2023-10-18,AAPL,demo,60.33
2023-10-18,MSFT,demo,78.41
2023-10-18,GOOGL,demo,71.9
2023-10-18,AMZN,demo,68.22
2023-10-18,TSLA,demo,54.98
2023-10-19,AAPL,demo,62.75
2023-10-19,MSFT,demo,78.83
2023-10-19,GOOGL,demo,71.65
2023-10-19,AMZN,demo,66.36
2023-10-19,TSLA,demo,53.31
2023-10-20,AAPL,demo,61.77
2023-10-20,MSFT,demo,79.58
2023-10-20,GOOGL,demo,73.5
2023-10-20,AMZN,demo,67.13
2023-10-20,TSLA,demo,54.38
2023-10-23,AAPL,demo,61.48
2023-10-23,MSFT,demo,80.57
2023-10-23,GOOGL,demo,72.07
2023-10-23,AMZN,demo,69.51
2023-10-23,TSLA,demo,54.85
2023-10-24,AAPL,demo,62.39
2023-10-24,MSFT,demo,79.55
2023-10-24,GOOGL,demo,72.13
2023-10-24,AMZN,demo,66.94
2023-10-24,TSLA,demo,54.41
2023-10-25,AAPL,demo,62.73
2023-10-25,MSFT,demo,79.4
2023-10-25,GOOGL,demo,71.53
2023-10-25,AMZN,demo,67.62
2023-10-25,TSLA,demo,52.95
2023-10-26,AAPL,demo,62.68
2023-10-26,MSFT,demo,79.41
2023-10-26,GOOGL,demo,71.82
2023-10-26,AMZN,demo,68.16
2023-10-26,TSLA,demo,52.51
2023-10-27,AAPL,demo,60.75
2023-10-27,MSFT,demo,79.86
2023-10-27,GOOGL,demo,72.94
2023-10-27,AMZN,demo,68.29
2023-10-27,TSLA,demo,54.67
2023-10-30,AAPL,demo,62.03
2023-10-30,MSFT,demo,78.24
2023-10-30,GOOGL,demo,70.3
2023-10-30,AMZN,demo,67.95
2023-10-30,TSLA,demo,55.08
2023-10-31,AAPL,demo,62.36
2023-10-31,MSFT,demo,77.08
2023-10-31,GOOGL,demo,71.84
2023-10-31,AMZN,demo,67.88
2023-10-31,TSLA,demo,53.58
2023-11-01,AAPL,demo,61.72
2023-11-01,MSFT,demo,79.27
2023-11-01,GOOGL,demo,71.67
2023-11-01,AMZN,demo,70.01
2023-11-01,TSLA,demo,54.36
2023-11-02,AAPL,demo,60.79
2023-11-02,MSFT,demo,78.05
2023-11-02,GOOGL,demo,71.14
2023-11-02,AMZN,demo,67.4
2023-11-02,TSLA,demo,53.25
2023-11-03,AAPL,demo,61.04
2023-11-03,MSFT,demo,78.58
2023-11-03,GOOGL,demo,69.68
2023-11-03,AMZN,demo,67.86
2023-11-03,TSLA,demo,54.72
2023-11-06,AAPL,demo,61.75
2023-11-06,MSFT,demo,79.73
2023-11-06,GOOGL,demo,72.81
2023-11-06,AMZN,demo,67.34
2023-11-06,TSLA,demo,53.94
2023-11-07,AAPL,demo,61.82
2023-11-07,MSFT,demo,77.97
2023-11-07,GOOGL,demo,70.73
2023-11-07,AMZN,demo,70.33
2023-11-07,TSLA,demo,54.37
2023-11-08,AAPL,demo,60.61
2023-11-08,MSFT,demo,76.33
2023-11-08,GOOGL,demo,72.81
2023-11-08,AMZN,demo,66.97
2023-11-08,TSLA,demo,54.71
2023-11-09,AAPL,demo,62.2
2023-11-09,MSFT,demo,77.55
2023-11-09,GOOGL,demo,72.04
2023-11-09,AMZN,demo,69.48
2023-11-09,TSLA,demo,52.22
2023-11-10,AAPL,demo,60.43
2023-11-10,MSFT,demo,77.62
2023-11-10,GOOGL,demo,71.77
2023-11-10,AMZN,demo,67.91
2023-11-10,TSLA,demo,53.62
2023-11-13,AAPL,demo,60.58
2023-11-13,MSFT,demo,77.75
2023-11-13,GOOGL,demo,71.61
2023-11-13,AMZN,demo,68.18
2023-11-13,TSLA,demo,55.59
2023-11-14,AAPL,demo,62.29
2023-11-14,MSFT,demo,79.18
2023-11-14,GOOGL,demo,71.09
2023-11-14,AMZN,demo,67.96
2023-11-14,TSLA,demo,57.05
2023-11-15,AAPL,demo,62.25
2023-11-15,MSFT,demo,78.08
2023-11-15,GOOGL,demo,73.54
2023-11-15,AMZN,demo,67.57
2023-11-15,TSLA,demo,54.01
2023-11-16,AAPL,demo,62.63
2023-11-16,MSFT,demo,77.21
2023-11-16,GOOGL,demo,70.05
2023-11-16,AMZN,demo,68.9
2023-11-16,TSLA,demo,54.71
2023-11-17,AAPL,demo,61.36
2023-11-17,MSFT,demo,78.16
2023-11-17,GOOGL,demo,71.72
2023-11-17,AMZN,demo,67.5
2023-11-17,TSLA,demo,54.05
2023-11-20,AAPL,demo,60.85
2023-11-20,MSFT,demo,78.11
2023-11-20,GOOGL,demo,71.13
2023-11-20,AMZN,demo,67.41
2023-11-20,TSLA,demo,52.18
2023-11-21,AAPL,demo,61.92
2023-11-21,MSFT,demo,78.91
2023-11-21,GOOGL,demo,71.87
2023-11-21,AMZN,demo,68.2
2023-11-21,TSLA,demo,54.95
2023-11-22,AAPL,demo,60.51
2023-11-22,MSFT,demo,77.99
2023-11-22,GOOGL,demo,72.49
2023-11-22,AMZN,demo,68.17
2023-11-22,TSLA,demo,56.72
2023-11-23,AAPL,demo,62.86
2023-11-23,MSFT,demo,79.45
2023-11-23,GOOGL,demo,71.2
2023-11-23,AMZN,demo,67.4
2023-11-23,TSLA,demo,53.68
2023-11-24,AAPL,demo,61.52
2023-11-24,MSFT,demo,75.78
2023-11-24,GOOGL,demo,71.5
2023-11-24,AMZN,demo,67.65
2023-11-24,TSLA,demo,53.16
2023-11-27,AAPL,demo,62.03
2023-11-27,MSFT,demo,77.38
2023-11-27,GOOGL,demo,72.23
2023-11-27,AMZN,demo,70.74
2023-11-27,TSLA,demo,53.07
2023-11-28,AAPL,demo,61.09
2023-11-28,MSFT,demo,78.11
2023-11-28,GOOGL,demo,71.36
2023-11-28,AMZN,demo,68.72
2023-11-28,TSLA,demo,55.79
2023-11-29,AAPL,demo,62.01
2023-11-29,MSFT,demo,77.8
2023-11-29,GOOGL,demo,74.39
2023-11-29,AMZN,demo,66.19
2023-11-29,TSLA,demo,53.65
2023-11-30,AAPL,demo,61.41
2023-11-30,MSFT,demo,78.61
2023-11-30,GOOGL,demo,72.45
2023-11-30,AMZN,demo,69.54
2023-11-30,TSLA,demo,54.56
2023-12-01,AAPL,demo,61.35
2023-12-01,MSFT,demo,77.93
2023-12-01,GOOGL,demo,72.55
2023-12-01,AMZN,demo,67.64
2023-12-01,TSLA,demo,54.36
2023-12-04,AAPL,demo,61.78
2023-12-04,MSFT,demo,79.56
2023-12-04,GOOGL,demo,69.75
2023-12-04,AMZN,demo,68.32
2023-12-04,TSLA,demo,54.41
2023-12-05,AAPL,demo,62.18
2023-12-05,MSFT,demo,78.27
2023-12-05,GOOGL,demo,73.26
2023-12-05,AMZN,demo,67.28
2023-12-05,TSLA,demo,52.45
2023-12-06,AAPL,demo,62.29
2023-12-06,MSFT,demo,77.68
2023-12-06,GOOGL,demo,70.38
2023-12-06,AMZN,demo,67.98
2023-12-06,TSLA,demo,54.44
2023-12-07,AAPL,demo,62.06
2023-12-07,MSFT,demo,79.41
2023-12-07,GOOGL,demo,72.06
2023-12-07,AMZN,demo,67.07
2023-12-07,TSLA,demo,54.97
2023-12-08,AAPL,demo,61.4
2023-12-08,MSFT,demo,79.09
2023-12-08,GOOGL,demo,71.09
2023-12-08,AMZN,demo,67.56
2023-12-08,TSLA,demo,55.19
2023-12-11,AAPL,demo,62.48
2023-12-11,MSFT,demo,79.49
2023-12-11,GOOGL,demo,72.04
2023-12-11,AMZN,demo,67.47
2023-12-11,TSLA,demo,55.08
2023-12-12,AAPL,demo,60.14
2023-12-12,MSFT,demo,77.7
2023-12-12,GOOGL,demo,73.47
2023-12-12,AMZN,demo,68.36
2023-12-12,TSLA,demo,54.33
2023-12-13,AAPL,demo,62.07
2023-12-13,MSFT,demo,79.81
2023-12-13,GOOGL,demo,71.52
2023-12-13,AMZN,demo,67.53
2023-12-13,TSLA,demo,54.13
2023-12-14,AAPL,demo,62.2
2023-12-14,MSFT,demo,79.49
2023-12-14,GOOGL,demo,73.35
2023-12-14,AMZN,demo,68.97
2023-12-14,TSLA,demo,53.05
2023-12-15,AAPL,demo,61.52
2023-12-15,MSFT,demo,77.46
2023-12-15,GOOGL,demo,71.45
2023-12-15,AMZN,demo,68.13
2023-12-15,TSLA,demo,55.52
2023-12-18,AAPL,demo,60.35
2023-12-18,MSFT,demo,76.2
2023-12-18,GOOGL,demo,72.14
2023-12-18,AMZN,demo,70.6
2023-12-18,TSLA,demo,54.48
2023-12-19,AAPL,demo,61.28
2023-12-19,MSFT,demo,80.3
2023-12-19,GOOGL,demo,72.55
2023-12-19,AMZN,demo,68.18
2023-12-19,TSLA,demo,55.12
2023-12-20,AAPL,demo,61.49
2023-12-20,MSFT,demo,77.38
2023-12-20,GOOGL,demo,70.62
2023-12-20,AMZN,demo,69.85
2023-12-20,TSLA,demo,54.86
2023-12-21,AAPL,demo,61.34
2023-12-21,MSFT,demo,78.43
2023-12-21,GOOGL,demo,72.74
2023-12-21,AMZN,demo,70.5
2023-12-21,TSLA,demo,55.2
2023-12-22,AAPL,demo,60.65
2023-12-22,MSFT,demo,78.39
2023-12-22,GOOGL,demo,73.03
2023-12-22,AMZN,demo,67.38
2023-12-22,TSLA,demo,55.53
2023-12-25,AAPL,demo,58.92
2023-12-25,MSFT,demo,78.29
2023-12-25,GOOGL,demo,72.59
2023-12-25,AMZN,demo,69.23
2023-12-25,TSLA,demo,53.86
2023-12-26,AAPL,demo,59.73
2023-12-26,MSFT,demo,78.26
2023-12-26,GOOGL,demo,70.83
2023-12-26,AMZN,demo,67.81
2023-12-26,TSLA,demo,54.67
2023-12-27,AAPL,demo,59.92
2023-12-27,MSFT,demo,79.33
2023-12-27,GOOGL,demo,71.8
2023-12-27,AMZN,demo,69.04
2023-12-27,TSLA,demo,52.84
2023-12-28,AAPL,demo,60.22
2023-12-28,MSFT,demo,79.04
2023-12-28,GOOGL,demo,71.16
2023-12-28,AMZN,demo,67.8
2023-12-28,TSLA,demo,54.68
2023-12-29,AAPL,demo,61.39
2023-12-29,MSFT,demo,77.84
2023-12-29,GOOGL,demo,72.11
2023-12-29,AMZN,demo,67.18
2023-12-29,TSLA,demo,55.35
2024-01-01,AAPL,demo,61.12
2024-01-01,MSFT,demo,78.68
2024-01-01,GOOGL,demo,74.53
2024-01-01,AMZN,demo,66.85
2024-01-01,TSLA,demo,56.07
2024-01-02,AAPL,demo,58.58
2024-01-02,MSFT,demo,76.44
2024-01-02,GOOGL,demo,70.72
2024-01-02,AMZN,demo,66.78
2024-01-02,TSLA,demo,54.88
2024-01-03,AAPL,demo,61.53
2024-01-03,MSFT,demo,78.27
2024-01-03,GOOGL,demo,71.81
2024-01-03,AMZN,demo,68.49
2024-01-03,TSLA,demo,55.51
2024-01-04,AAPL,demo,59.91
2024-01-04,MSFT,demo,78.16
2024-01-04,GOOGL,demo,71.89
2024-01-04,AMZN,demo,68.45
2024-01-04,TSLA,demo,53.91
2024-01-05,AAPL,demo,61.15
2024-01-05,MSFT,demo,78.55
2024-01-05,GOOGL,demo,71.26
2024-01-05,AMZN,demo,67.23
2024-01-05,TSLA,demo,54.78
2024-01-08,AAPL,demo,61.11
2024-01-08,MSFT,demo,79.02
2024-01-08,GOOGL,demo,70.91
2024-01-08,AMZN,demo,67.61
2024-01-08,TSLA,demo,54.45
2024-01-09,AAPL,demo,62.05
2024-01-09,MSFT,demo,77.58
2024-01-09,GOOGL,demo,72.19
2024-01-09,AMZN,demo,68.21
2024-01-09,TSLA,demo,56.33
2024-01-10,AAPL,demo,60.23
2024-01-10,MSFT,demo,77.86
2024-01-10,GOOGL,demo,71.02
2024-01-10,AMZN,demo,66.29
2024-01-10,TSLA,demo,56.45
2024-01-11,AAPL,demo,59.99
2024-01-11,MSFT,demo,77.71
2024-01-11,GOOGL,demo,73.28
2024-01-11,AMZN,demo,66.21
2024-01-11,TSLA,demo,55.44
2024-01-12,AAPL,demo,59.82
2024-01-12,MSFT,demo,79.77
2024-01-12,GOOGL,demo,69.79
2024-01-12,AMZN,demo,66.21
2024-01-12,TSLA,demo,54.14
2024-01-15,AAPL,demo,62.21
2024-01-15,MSFT,demo,78.49
2024-01-15,GOOGL,demo,71.62
2024-01-15,AMZN,demo,69.31
2024-01-15,TSLA,demo,56.84
2024-01-16,AAPL,demo,61.91
2024-01-16,MSFT,demo,77.9
2024-01-16,GOOGL,demo,71.54
2024-01-16,AMZN,demo,66.67
2024-01-16,TSLA,demo,54.78
2024-01-17,AAPL,demo,59.61
2024-01-17,MSFT,demo,79.07
2024-01-17,GOOGL,demo,73.97
2024-01-17,AMZN,demo,68.68
2024-01-17,TSLA,demo,54.21
2024-01-18,AAPL,demo,61.76
2024-01-18,MSFT,demo,80.14
2024-01-18,GOOGL,demo,73.53
2024-01-18,AMZN,demo,66.96
2024-01-18,TSLA,demo,55.19
2024-01-19,AAPL,demo,61.08
2024-01-19,MSFT,demo,79.33
2024-01-19,GOOGL,demo,72.34
2024-01-19,AMZN,demo,65.59
2024-01-19,TSLA,demo,54.33
2024-01-22,AAPL,demo,61.43
2024-01-22,MSFT,demo,77.09
2024-01-22,GOOGL,demo,72.54
2024-01-22,AMZN,demo,66.44
2024-01-22,TSLA,demo,53.88
2024-01-23,AAPL,demo,62.58
2024-01-23,MSFT,demo,77.64
2024-01-23,GOOGL,demo,72.53
2024-01-23,AMZN,demo,66.21
2024-01-23,TSLA,demo,56.76
2024-01-24,AAPL,demo,60.93
2024-01-24,MSFT,demo,78.62
2024-01-24,GOOGL,demo,72.14
2024-01-24,AMZN,demo,68.57
2024-01-24,TSLA,demo,53.16
2024-01-25,AAPL,demo,61.23
2024-01-25,MSFT,demo,77.86
2024-01-25,GOOGL,demo,70.27
2024-01-25,AMZN,demo,68.95
2024-01-25,TSLA,demo,54.33
2024-01-26,AAPL,demo,61.48
2024-01-26,MSFT,demo,78.7
2024-01-26,GOOGL,demo,71.62
2024-01-26,AMZN,demo,69.93
2024-01-26,TSLA,demo,54.63
2024-01-29,AAPL,demo,59.68
2024-01-29,MSFT,demo,78.12
2024-01-29,GOOGL,demo,72.46
2024-01-29,AMZN,demo,68.49
2024-01-29,TSLA,demo,53.59
2024-01-30,AAPL,demo,62.17
2024-01-30,MSFT,demo,76.76
2024-01-30,GOOGL,demo,73.1
2024-01-30,AMZN,demo,66.64
2024-01-30,TSLA,demo,54.45
2024-01-31,AAPL,demo,62.3
2024-01-31,MSFT,demo,78.64
2024-01-31,GOOGL,demo,72.78
2024-01-31,AMZN,demo,68.58
2024-01-31,TSLA,demo,55.97
2024-02-01,AAPL,demo,62.3
2024-02-01,MSFT,demo,78.07
2024-02-01,GOOGL,demo,72.59
2024-02-01,AMZN,demo,66.43
2024-02-01,TSLA,demo,54.62
2024-02-02,AAPL,demo,62.05
2024-02-02,MSFT,demo,78.66
2024-02-02,GOOGL,demo,72.41
2024-02-02,AMZN,demo,67.75
2024-02-02,TSLA,demo,55.81
2024-02-05,AAPL,demo,61.16
2024-02-05,MSFT,demo,78.06
2024-02-05,GOOGL,demo,72.85
2024-02-05,AMZN,demo,66.55
2024-02-05,TSLA,demo,55.18
2024-02-06,AAPL,demo,60.19
2024-02-06,MSFT,demo,79.8
2024-02-06,GOOGL,demo,71.7
2024-02-06,AMZN,demo,68.09
2024-02-06,TSLA,demo,55.09
2024-02-07,AAPL,demo,59.31
2024-02-07,MSFT,demo,77.87
2024-02-07,GOOGL,demo,73.0
2024-02-07,AMZN,demo,68.83
2024-02-07,TSLA,demo,54.96
2024-02-08,AAPL,demo,59.89
2024-02-08,MSFT,demo,79.11
2024-02-08,GOOGL,demo,72.67
2024-02-08,AMZN,demo,68.01
2024-02-08,TSLA,demo,55.9
2024-02-09,AAPL,demo,60.55
2024-02-09,MSFT,demo,78.01
2024-02-09,GOOGL,demo,69.48
2024-02-09,AMZN,demo,68.88
2024-02-09,TSLA,demo,54.99
2024-02-12,AAPL,demo,59.55
2024-02-12,MSFT,demo,76.76
2024-02-12,GOOGL,demo,71.09
2024-02-12,AMZN,demo,68.75
2024-02-12,TSLA,demo,54.38
2024-02-13,AAPL,demo,60.43
2024-02-13,MSFT,demo,77.52
2024-02-13,GOOGL,demo,70.91
2024-02-13,AMZN,demo,66.03
2024-02-13,TSLA,demo,53.47
2024-02-14,AAPL,demo,60.17
2024-02-14,MSFT,demo,79.2
2024-02-14,GOOGL,demo,71.79
2024-02-14,AMZN,demo,67.13
2024-02-14,TSLA,demo,56.99
2024-02-15,AAPL,demo,60.57
2024-02-15,MSFT,demo,79.69
2024-02-15,GOOGL,demo,73.58
2024-02-15,AMZN,demo,66.39
2024-02-15,TSLA,demo,54.75
2024-02-16,AAPL,demo,60.72
2024-02-16,MSFT,demo,77.92
2024-02-16,GOOGL,demo,72.52
2024-02-16,AMZN,demo,67.34
2024-02-16,TSLA,demo,54.18
2024-02-19,AAPL,demo,61.07
2024-02-19,MSFT,demo,78.15
2024-02-19,GOOGL,demo,70.79
2024-02-19,AMZN,demo,68.76
2024-02-19,TSLA,demo,55.73
2024-02-20,AAPL,demo,61.58
2024-02-20,MSFT,demo,78.14
2024-02-20,GOOGL,demo,71.25
2024-02-20,AMZN,demo,67.26
2024-02-20,TSLA,demo,57.04
2024-02-21,AAPL,demo,62.17
2024-02-21,MSFT,demo,77.68
2024-02-21,GOOGL,demo,72.12
2024-02-21,AMZN,demo,67.6
2024-02-21,TSLA,demo,55.26
2024-02-22,AAPL,demo,61.78
2024-02-22,MSFT,demo,79.61
2024-02-22,GOOGL,demo,71.11
2024-02-22,AMZN,demo,68.06
2024-02-22,TSLA,demo,52.93
2024-02-23,AAPL,demo,59.98
2024-02-23,MSFT,demo,79.41
2024-02-23,GOOGL,demo,71.01
2024-02-23,AMZN,demo,67.12
2024-02-23,TSLA,demo,54.67
2024-02-26,AAPL,demo,61.93
2024-02-26,MSFT,demo,77.46
2024-02-26,GOOGL,demo,68.48
2024-02-26,AMZN,demo,67.09
2024-02-26,TSLA,demo,55.89
2024-02-27,AAPL,demo,61.58
2024-02-27,MSFT,demo,79.85
2024-02-27,GOOGL,demo,70.83
2024-02-27,AMZN,demo,66.32
2024-02-27,TSLA,demo,55.14
2024-02-28,AAPL,demo,61.48
2024-02-28,MSFT,demo,78.83
2024-02-28,GOOGL,demo,72.89
2024-02-28,AMZN,demo,68.38
2024-02-28,TSLA,demo,55.09
2024-02-29,AAPL,demo,61.95
2024-02-29,MSFT,demo,79.02
2024-02-29,GOOGL,demo,72.82
2024-02-29,AMZN,demo,68.97
2024-02-29,TSLA,demo,56.21
2024-03-01,AAPL,demo,60.59
2024-03-01,MSFT,demo,79.0
2024-03-01,GOOGL,demo,71.59
2024-03-01,AMZN,demo,67.13
2024-03-01,TSLA,demo,53.99
2024-03-04,AAPL,demo,61.73
2024-03-04,MSFT,demo,78.94
2024-03-04,GOOGL,demo,72.36
2024-03-04,AMZN,demo,67.73
2024-03-04,TSLA,demo,54.68
2024-03-05,AAPL,demo,62.05
2024-03-05,MSFT,demo,77.03
2024-03-05,GOOGL,demo,71.98
2024-03-05,AMZN,demo,68.05
2024-03-05,TSLA,demo,55.43
2024-03-06,AAPL,demo,59.89
2024-03-06,MSFT,demo,80.02
2024-03-06,GOOGL,demo,72.17
2024-03-06,AMZN,demo,68.23
2024-03-06,TSLA,demo,54.28
2024-03-07,AAPL,demo,61.77
2024-03-07,MSFT,demo,78.57
2024-03-07,GOOGL,demo,73.17
2024-03-07,AMZN,demo,66.52
2024-03-07,TSLA,demo,54.86
2024-03-08,AAPL,demo,61.64
2024-03-08,MSFT,demo,78.34
2024-03-08,GOOGL,demo,71.56
2024-03-08,AMZN,demo,67.6
2024-03-08,TSLA,demo,54.86
2024-03-11,AAPL,demo,59.43
2024-03-11,MSFT,demo,79.49
2024-03-11,GOOGL,demo,71.48
2024-03-11,AMZN,demo,68.09
2024-03-11,TSLA,demo,55.05
2024-03-12,AAPL,demo,60.71
2024-03-12,MSFT,demo,78.39
2024-03-12,GOOGL,demo,69.92
2024-03-12,AMZN,demo,68.69
2024-03-12,TSLA,demo,55.76
2024-03-13,AAPL,demo,59.54
2024-03-13,MSFT,demo,78.11
2024-03-13,GOOGL,demo,70.73
2024-03-13,AMZN,demo,67.78
2024-03-13,TSLA,demo,55.33
2024-03-14,AAPL,demo,62.22
2024-03-14,MSFT,demo,79.64
2024-03-14,GOOGL,demo,73.27
2024-03-14,AMZN,demo,67.74
2024-03-14,TSLA,demo,53.53
2024-03-15,AAPL,demo,61.12
2024-03-15,MSFT,demo,79.15
2024-03-15,GOOGL,demo,70.73
2024-03-15,AMZN,demo,69.62
2024-03-15,TSLA,demo,55.58
2024-03-18,AAPL,demo,61.03
2024-03-18,MSFT,demo,77.81
2024-03-18,GOOGL,demo,71.29
2024-03-18,AMZN,demo,68.03
2024-03-18,TSLA,demo,54.45
2024-03-19,AAPL,demo,62.19
2024-03-19,MSFT,demo,78.18
2024-03-19,GOOGL,demo,72.47
2024-03-19,AMZN,demo,67.93
2024-03-19,TSLA,demo,54.95
2024-03-20,AAPL,demo,61.01
2024-03-20,MSFT,demo,79.23
2024-03-20,GOOGL,demo,72.68
2024-03-20,AMZN,demo,68.42
2024-03-20,TSLA,demo,55.29
2024-03-21,AAPL,demo,60.29
2024-03-21,MSFT,demo,78.84
2024-03-21,GOOGL,demo,73.21
2024-03-21,AMZN,demo,68.45
2024-03-21,TSLA,demo,53.65
2024-03-22,AAPL,demo,61.19
2024-03-22,MSFT,demo,78.9
2024-03-22,GOOGL,demo,71.2
2024-03-22,AMZN,demo,66.6
2024-03-22,TSLA,demo,54.36
2024-03-25,AAPL,demo,60.5
2024-03-25,MSFT,demo,78.51
2024-03-25,GOOGL,demo,70.37
2024-03-25,AMZN,demo,68.52
2024-03-25,TSLA,demo,54.05
2024-03-26,AAPL,demo,62.23
2024-03-26,MSFT,demo,78.24
2024-03-26,GOOGL,demo,71.93
2024-03-26,AMZN,demo,67.79
2024-03-26,TSLA,demo,53.99
2024-03-27,AAPL,demo,63.71
2024-03-27,MSFT,demo,78.03
2024-03-27,GOOGL,demo,72.98
2024-03-27,AMZN,demo,66.87
2024-03-27,TSLA,demo,55.05
2024-03-28,AAPL,demo,61.72
2024-03-28,MSFT,demo,78.5
2024-03-28,GOOGL,demo,71.39
2024-03-28,AMZN,demo,67.7
2024-03-28,TSLA,demo,54.28
2024-03-29,AAPL,demo,63.64
2024-03-29,MSFT,demo,78.5
2024-03-29,GOOGL,demo,72.48
2024-03-29,AMZN,demo,69.74
2024-03-29,TSLA,demo,53.8
2024-04-01,AAPL,demo,61.27
2024-04-01,MSFT,demo,78.25
2024-04-01,GOOGL,demo,71.87
2024-04-01,AMZN,demo,67.78
2024-04-01,TSLA,demo,53.95
2024-04-02,AAPL,demo,61.43
2024-04-02,MSFT,demo,77.46
2024-04-02,GOOGL,demo,72.95
2024-04-02,AMZN,demo,68.58
2024-04-02,TSLA,demo,54.19
2024-04-03,AAPL,demo,60.79
2024-04-03,MSFT,demo,78.8
2024-04-03,GOOGL,demo,71.16
2024-04-03,AMZN,demo,69.77
2024-04-03,TSLA,demo,55.04
2024-04-04,AAPL,demo,61.63
2024-04-04,MSFT,demo,79.2
2024-04-04,GOOGL,demo,71.38
2024-04-04,AMZN,demo,69.05
2024-04-04,TSLA,demo,54.8
2024-04-05,AAPL,demo,62.19
2024-04-05,MSFT,demo,78.32
2024-04-05,GOOGL,demo,73.28
2024-04-05,AMZN,demo,68.36
2024-04-05,TSLA,demo,56.86
2024-04-08,AAPL,demo,60.87
2024-04-08,MSFT,demo,78.73
2024-04-08,GOOGL,demo,70.93
2024-04-08,AMZN,demo,67.43
2024-04-08,TSLA,demo,55.3
2024-04-09,AAPL,demo,62.37
2024-04-09,MSFT,demo,81.49
2024-04-09,GOOGL,demo,71.86
2024-04-09,AMZN,demo,67.03
2024-04-09,TSLA,demo,55.43
2024-04-10,AAPL,demo,60.11
2024-04-10,MSFT,demo,79.09
2024-04-10,GOOGL,demo,71.46
2024-04-10,AMZN,demo,68.17
2024-04-10,TSLA,demo,55.77
2024-04-11,AAPL,demo,61.13
2024-04-11,MSFT,demo,79.45
2024-04-11,GOOGL,demo,72.83
2024-04-11,AMZN,demo,66.1
2024-04-11,TSLA,demo,53.78
2024-04-12,AAPL,demo,59.67
2024-04-12,MSFT,demo,80.52
2024-04-12,GOOGL,demo,71.85
2024-04-12,AMZN,demo,69.74
2024-04-12,TSLA,demo,53.05
2024-04-15,AAPL,demo,60.66
2024-04-15,MSFT,demo,79.32
2024-04-15,GOOGL,demo,72.14
2024-04-15,AMZN,demo,68.49
2024-04-15,TSLA,demo,53.43
2024-04-16,AAPL,demo,62.61
2024-04-16,MSFT,demo,79.3
2024-04-16,GOOGL,demo,72.36
2024-04-16,AMZN,demo,67.27
2024-04-16,TSLA,demo,55.0
2024-04-17,AAPL,demo,60.94
2024-04-17,MSFT,demo,76.87
2024-04-17,GOOGL,demo,71.91
2024-04-17,AMZN,demo,67.8
2024-04-17,TSLA,demo,55.74
2024-04-18,AAPL,demo,59.0
2024-04-18,MSFT,demo,78.76
2024-04-18,GOOGL,demo,70.8
2024-04-18,AMZN,demo,68.28
2024-04-18,TSLA,demo,55.05
2024-04-19,AAPL,demo,61.15
2024-04-19,MSFT,demo,79.33
2024-04-19,GOOGL,demo,70.71
2024-04-19,AMZN,demo,69.07
2024-04-19,TSLA,demo,53.97
2024-04-22,AAPL,demo,59.68
2024-04-22,MSFT,demo,78.25
2024-04-22,GOOGL,demo,69.86
2024-04-22,AMZN,demo,68.21
2024-04-22,TSLA,demo,54.42
2024-04-23,AAPL,demo,62.47
2024-04-23,MSFT,demo,79.17
2024-04-23,GOOGL,demo,70.57
2024-04-23,AMZN,demo,67.12
2024-04-23,TSLA,demo,55.2
2024-04-24,AAPL,demo,62.08
2024-04-24,MSFT,demo,79.74
2024-04-24,GOOGL,demo,73.17
2024-04-24,AMZN,demo,67.87
2024-04-24,TSLA,demo,55.04
2024-04-25,AAPL,demo,62.53
2024-04-25,MSFT,demo,78.22
2024-04-25,GOOGL,demo,72.34
2024-04-25,AMZN,demo,67.63
2024-04-25,TSLA,demo,54.13
2024-04-26,AAPL,demo,61.28
2024-04-26,MSFT,demo,77.83
2024-04-26,GOOGL,demo,71.83
2024-04-26,AMZN,demo,66.92
2024-04-26,TSLA,demo,54.49
2024-04-29,AAPL,demo,61.68
2024-04-29,MSFT,demo,77.93
2024-04-29,GOOGL,demo,71.97
2024-04-29,AMZN,demo,68.1
2024-04-29,TSLA,demo,55.13
2024-04-30,AAPL,demo,61.1
2024-04-30,MSFT,demo,79.61
2024-04-30,GOOGL,demo,69.86
2024-04-30,AMZN,demo,70.9
2024-04-30,TSLA,demo,53.81
2024-05-01,AAPL,demo,61.64
2024-05-01,MSFT,demo,77.58
2024-05-01,GOOGL,demo,72.6
2024-05-01,AMZN,demo,68.24
2024-05-01,TSLA,demo,54.03
2024-05-02,AAPL,demo,62.31
2024-05-02,MSFT,demo,78.36
2024-05-02,GOOGL,demo,72.51
2024-05-02,AMZN,demo,67.04
2024-05-02,TSLA,demo,54.65
2024-05-03,AAPL,demo,63.24
2024-05-03,MSFT,demo,79.48
2024-05-03,GOOGL,demo,72.27
2024-05-03,AMZN,demo,67.51
2024-05-03,TSLA,demo,54.75
2024-05-06,AAPL,demo,61.43
2024-05-06,MSFT,demo,78.97
2024-05-06,GOOGL,demo,70.88
2024-05-06,AMZN,demo,68.63
2024-05-06,TSLA,demo,53.59
2024-05-07,AAPL,demo,62.87
2024-05-07,MSFT,demo,77.75
2024-05-07,GOOGL,demo,72.26
2024-05-07,AMZN,demo,68.96
2024-05-07,TSLA,demo,54.43
2024-05-08,AAPL,demo,61.58
2024-05-08,MSFT,demo,79.96
2024-05-08,GOOGL,demo,72.52
2024-05-08,AMZN,demo,68.32
2024-05-08,TSLA,demo,53.0
2024-05-09,AAPL,demo,60.3
2024-05-09,MSFT,demo,79.57
2024-05-09,GOOGL,demo,72.53
2024-05-09,AMZN,demo,68.68
2024-05-09,TSLA,demo,55.32
2024-05-10,AAPL,demo,62.53
2024-05-10,MSFT,demo,78.26
2024-05-10,GOOGL,demo,72.08
2024-05-10,AMZN,demo,66.93
2024-05-10,TSLA,demo,53.4
2024-05-13,AAPL,demo,59.59
2024-05-13,MSFT,demo,77.64
2024-05-13,GOOGL,demo,73.51
2024-05-13,AMZN,demo,66.41
2024-05-13,TSLA,demo,54.38
2024-05-14,AAPL,demo,59.94
2024-05-14,MSFT,demo,77.92
2024-05-14,GOOGL,demo,72.13
2024-05-14,AMZN,demo,67.26
2024-05-14,TSLA,demo,55.77
2024-05-15,AAPL,demo,62.77
2024-05-15,MSFT,demo,76.27
2024-05-15,GOOGL,demo,71.28
2024-05-15,AMZN,demo,68.02
2024-05-15,TSLA,demo,55.81
2024-05-16,AAPL,demo,60.78
2024-05-16,MSFT,demo,78.5
2024-05-16,GOOGL,demo,70.8
2024-05-16,AMZN,demo,66.43
2024-05-16,TSLA,demo,56.13
2024-05-17,AAPL,demo,59.41
2024-05-17,MSFT,demo,80.85
2024-05-17,GOOGL,demo,72.68
2024-05-17,AMZN,demo,68.64
2024-05-17,TSLA,demo,55.26
2024-05-20,AAPL,demo,60.98
2024-05-20,MSFT,demo,78.91
2024-05-20,GOOGL,demo,71.77
2024-05-20,AMZN,demo,68.51
2024-05-20,TSLA,demo,54.65
2024-05-21,AAPL,demo,60.29
2024-05-21,MSFT,demo,77.65
2024-05-21,GOOGL,demo,70.98
2024-05-21,AMZN,demo,68.93
2024-05-21,TSLA,demo,54.06
2024-05-22,AAPL,demo,59.32
2024-05-22,MSFT,demo,78.92
2024-05-22,GOOGL,demo,73.47
2024-05-22,AMZN,demo,68.73
2024-05-22,TSLA,demo,54.08
2024-05-23,AAPL,demo,59.65
2024-05-23,MSFT,demo,78.39
2024-05-23,GOOGL,demo,71.8
2024-05-23,AMZN,demo,66.99
2024-05-23,TSLA,demo,55.23
2024-05-24,AAPL,demo,63.08
2024-05-24,MSFT,demo,78.74
2024-05-24,GOOGL,demo,72.12
2024-05-24,AMZN,demo,67.02
2024-05-24,TSLA,demo,56.08
2024-05-27,AAPL,demo,61.16
2024-05-27,MSFT,demo,77.94
2024-05-27,GOOGL,demo,72.02
2024-05-27,AMZN,demo,68.43
2024-05-27,TSLA,demo,54.82
2024-05-28,AAPL,demo,62.44
2024-05-28,MSFT,demo,78.91
2024-05-28,GOOGL,demo,71.68
2024-05-28,AMZN,demo,68.36
2024-05-28,TSLA,demo,55.18
2024-05-29,AAPL,demo,59.94
2024-05-29,MSFT,demo,79.67
2024-05-29,GOOGL,demo,71.66
2024-05-29,AMZN,demo,67.68
2024-05-29,TSLA,demo,55.43
2024-05-30,AAPL,demo,61.98
2024-05-30,MSFT,demo,77.82
2024-05-30,GOOGL,demo,72.76
2024-05-30,AMZN,demo,67.4
2024-05-30,TSLA,demo,56.5
2024-05-31,AAPL,demo,60.41
2024-05-31,MSFT,demo,78.76
2024-05-31,GOOGL,demo,71.18
2024-05-31,AMZN,demo,70.18
2024-05-31,TSLA,demo,53.44
2024-06-03,AAPL,demo,61.76
2024-06-03,MSFT,demo,77.79
2024-06-03,GOOGL,demo,71.61
2024-06-03,AMZN,demo,68.41
2024-06-03,TSLA,demo,55.91
2024-06-04,AAPL,demo,62.86
2024-06-04,MSFT,demo,76.98
2024-06-04,GOOGL,demo,72.23
2024-06-04,AMZN,demo,69.42
2024-06-04,TSLA,demo,53.0
2024-06-05,AAPL,demo,61.55
2024-06-05,MSFT,demo,78.52
2024-06-05,GOOGL,demo,72.37
2024-06-05,AMZN,demo,67.19
2024-06-05,TSLA,demo,53.24
2024-06-06,AAPL,demo,59.32
2024-06-06,MSFT,demo,79.5
2024-06-06,GOOGL,demo,73.06
2024-06-06,AMZN,demo,68.26
2024-06-06,TSLA,demo,54.15
2024-06-07,AAPL,demo,59.61
2024-06-07,MSFT,demo,79.08
2024-06-07,GOOGL,demo,70.86
2024-06-07,AMZN,demo,67.25
2024-06-07,TSLA,demo,54.09
2024-06-10,AAPL,demo,61.04
2024-06-10,MSFT,demo,77.76
2024-06-10,GOOGL,demo,71.99
2024-06-10,AMZN,demo,67.34
2024-06-10,TSLA,demo,55.38
2024-06-11,AAPL,demo,62.27
2024-06-11,MSFT,demo,78.63
2024-06-11,GOOGL,demo,72.42
2024-06-11,AMZN,demo,70.08
2024-06-11,TSLA,demo,53.51
2024-06-12,AAPL,demo,60.0
2024-06-12,MSFT,demo,79.22
2024-06-12,GOOGL,demo,73.91
2024-06-12,AMZN,demo,67.7
2024-06-12,TSLA,demo,56.41
2024-06-13,AAPL,demo,61.33
2024-06-13,MSFT,demo,77.84
2024-06-13,GOOGL,demo,70.97
2024-06-13,AMZN,demo,68.59
2024-06-13,TSLA,demo,53.77
2024-06-14,AAPL,demo,61.32
2024-06-14,MSFT,demo,80.1
2024-06-14,GOOGL,demo,71.65
2024-06-14,AMZN,demo,69.27
2024-06-14,TSLA,demo,53.47
2024-06-17,AAPL,demo,60.7
2024-06-17,MSFT,demo,77.11
2024-06-17,GOOGL,demo,72.03
2024-06-17,AMZN,demo,68.74
2024-06-17,TSLA,demo,54.76
2024-06-18,AAPL,demo,62.46
2024-06-18,MSFT,demo,77.77
2024-06-18,GOOGL,demo,72.19
2024-06-18,AMZN,demo,67.43
2024-06-18,TSLA,demo,55.04
2024-06-19,AAPL,demo,61.74
2024-06-19,MSFT,demo,79.1
2024-06-19,GOOGL,demo,70.89
2024-06-19,AMZN,demo,67.07
2024-06-19,TSLA,demo,53.98
2024-06-20,AAPL,demo,61.0
2024-06-20,MSFT,demo,78.61
2024-06-20,GOOGL,demo,72.67
2024-06-20,AMZN,demo,67.11
2024-06-20,TSLA,demo,53.08
2024-06-21,AAPL,demo,63.39
2024-06-21,MSFT,demo,77.39
2024-06-21,GOOGL,demo,72.8
2024-06-21,AMZN,demo,67.99
2024-06-21,TSLA,demo,54.93
2024-06-24,AAPL,demo,61.23
2024-06-24,MSFT,demo,78.14
2024-06-24,GOOGL,demo,72.42
2024-06-24,AMZN,demo,67.52
2024-06-24,TSLA,demo,55.85
2024-06-25,AAPL,demo,61.8
2024-06-25,MSFT,demo,79.12
2024-06-25,GOOGL,demo,71.45
2024-06-25,AMZN,demo,67.72
2024-06-25,TSLA,demo,53.49
2024-06-26,AAPL,demo,60.88
2024-06-26,MSFT,demo,77.48
2024-06-26,GOOGL,demo,73.27
2024-06-26,AMZN,demo,68.01
2024-06-26,TSLA,demo,54.85
2024-06-27,AAPL,demo,61.01
2024-06-27,MSFT,demo,78.72
2024-06-27,GOOGL,demo,74.42
2024-06-27,AMZN,demo,67.66
2024-06-27,TSLA,demo,54.03
2024-06-28,AAPL,demo,61.77
2024-06-28,MSFT,demo,76.0
2024-06-28,GOOGL,demo,72.02
2024-06-28,AMZN,demo,67.59
2024-06-28,TSLA,demo,53.69
2024-07-01,AAPL,demo,61.74
2024-07-01,MSFT,demo,78.58
2024-07-01,GOOGL,demo,70.16
2024-07-01,AMZN,demo,67.31
2024-07-01,TSLA,demo,51.79
2024-07-02,AAPL,demo,61.53
2024-07-02,MSFT,demo,78.8
2024-07-02,GOOGL,demo,71.17
2024-07-02,AMZN,demo,68.5
2024-07-02,TSLA,demo,53.4
2024-07-03,AAPL,demo,60.27
2024-07-03,MSFT,demo,78.94
2024-07-03,GOOGL,demo,71.27
2024-07-03,AMZN,demo,67.9
2024-07-03,TSLA,demo,54.12
2024-07-04,AAPL,demo,60.83
2024-07-04,MSFT,demo,78.15
2024-07-04,GOOGL,demo,71.25
2024-07-04,AMZN,demo,68.26
2024-07-04,TSLA,demo,54.05
2024-07-05,AAPL,demo,61.25
2024-07-05,MSFT,demo,77.79
2024-07-05,GOOGL,demo,70.43
2024-07-05,AMZN,demo,68.87
2024-07-05,TSLA,demo,55.18
2024-07-08,AAPL,demo,63.52
2024-07-08,MSFT,demo,77.48
2024-07-08,GOOGL,demo,71.75
2024-07-08,AMZN,demo,67.83
2024-07-08,TSLA,demo,55.67
2024-07-09,AAPL,demo,60.73
2024-07-09,MSFT,demo,77.35
2024-07-09,GOOGL,demo,73.17
2024-07-09,AMZN,demo,67.64
2024-07-09,TSLA,demo,55.56
2024-07-10,AAPL,demo,62.0
2024-07-10,MSFT,demo,78.49
2024-07-10,GOOGL,demo,71.79
2024-07-10,AMZN,demo,67.57
2024-07-10,TSLA,demo,54.67
2024-07-11,AAPL,demo,62.1
2024-07-11,MSFT,demo,77.72
2024-07-11,GOOGL,demo,72.07
2024-07-11,AMZN,demo,66.84
2024-07-11,TSLA,demo,53.69
2024-07-12,AAPL,demo,61.21
2024-07-12,MSFT,demo,76.56
2024-07-12,GOOGL,demo,74.02
2024-07-12,AMZN,demo,66.77
2024-07-12,TSLA,demo,54.64
2024-07-15,AAPL,demo,62.4
2024-07-15,MSFT,demo,77.66
2024-07-15,GOOGL,demo,69.66
2024-07-15,AMZN,demo,67.51
2024-07-15,TSLA,demo,53.81
2024-07-16,AAPL,demo,58.96
2024-07-16,MSFT,demo,78.81
2024-07-16,GOOGL,demo,72.17
2024-07-16,AMZN,demo,69.1
2024-07-16,TSLA,demo,53.56
2024-07-17,AAPL,demo,59.64
2024-07-17,MSFT,demo,78.11
2024-07-17,GOOGL,demo,71.87
2024-07-17,AMZN,demo,68.88
2024-07-17,TSLA,demo,56.09
2024-07-18,AAPL,demo,62.45
2024-07-18,MSFT,demo,78.8
2024-07-18,GOOGL,demo,72.76
2024-07-18,AMZN,demo,67.32
2024-07-18,TSLA,demo,54.85
2024-07-19,AAPL,demo,60.04
2024-07-19,MSFT,demo,78.58
2024-07-19,GOOGL,demo,72.05
2024-07-19,AMZN,demo,69.68
2024-07-19,TSLA,demo,54.45
2024-07-22,AAPL,demo,61.33
2024-07-22,MSFT,demo,78.76
2024-07-22,GOOGL,demo,71.5
2024-07-22,AMZN,demo,67.16
2024-07-22,TSLA,demo,55.98
2024-07-23,AAPL,demo,60.26
2024-07-23,MSFT,demo,77.19
2024-07-23,GOOGL,demo,72.64
2024-07-23,AMZN,demo,69.12
2024-07-23,TSLA,demo,54.23
2024-07-24,AAPL,demo,60.8
2024-07-24,MSFT,demo,78.8
2024-07-24,GOOGL,demo,71.25
2024-07-24,AMZN,demo,67.18
2024-07-24,TSLA,demo,55.56
2024-07-25,AAPL,demo,61.84
2024-07-25,MSFT,demo,79.83
2024-07-25,GOOGL,demo,70.71
2024-07-25,AMZN,demo,67.46
2024-07-25,TSLA,demo,54.96
2024-07-26,AAPL,demo,60.31
2024-07-26,MSFT,demo,79.16
2024-07-26,GOOGL,demo,73.18
2024-07-26,AMZN,demo,67.38
2024-07-26,TSLA,demo,54.72
2024-07-29,AAPL,demo,62.69
2024-07-29,MSFT,demo,80.32
2024-07-29,GOOGL,demo,72.71
2024-07-29,AMZN,demo,68.55
2024-07-29,TSLA,demo,53.83
2024-07-30,AAPL,demo,61.6
2024-07-30,MSFT,demo,79.08
2024-07-30,GOOGL,demo,71.75
2024-07-30,AMZN,demo,67.36
2024-07-30,TSLA,demo,53.4
2024-07-31,AAPL,demo,59.5
2024-07-31,MSFT,demo,76.57
2024-07-31,GOOGL,demo,72.54
2024-07-31,AMZN,demo,68.11
2024-07-31,TSLA,demo,54.2
2024-08-01,AAPL,demo,60.9
2024-08-01,MSFT,demo,78.73
2024-08-01,GOOGL,demo,71.8
2024-08-01,AMZN,demo,66.62
2024-08-01,TSLA,demo,55.59
2024-08-02,AAPL,demo,61.54
2024-08-02,MSFT,demo,78.79
2024-08-02,GOOGL,demo,72.8
2024-08-02,AMZN,demo,67.15
2024-08-02,TSLA,demo,55.89
2024-08-05,AAPL,demo,61.1
2024-08-05,MSFT,demo,79.41
2024-08-05,GOOGL,demo,72.69
2024-08-05,AMZN,demo,66.92
2024-08-05,TSLA,demo,55.18
2024-08-06,AAPL,demo,61.56
2024-08-06,MSFT,demo,78.55
2024-08-06,GOOGL,demo,71.87
2024-08-06,AMZN,demo,67.87
2024-08-06,TSLA,demo,55.49
2024-08-07,AAPL,demo,61.81
2024-08-07,MSFT,demo,78.55
2024-08-07,GOOGL,demo,70.47
2024-08-07,AMZN,demo,68.45
2024-08-07,TSLA,demo,55.4
2024-08-08,AAPL,demo,63.54
2024-08-08,MSFT,demo,79.6
2024-08-08,GOOGL,demo,70.06
2024-08-08,AMZN,demo,68.04
2024-08-08,TSLA,demo,56.49
2024-08-09,AAPL,demo,61.86
2024-08-09,MSFT,demo,78.85
2024-08-09,GOOGL,demo,72.86
2024-08-09,AMZN,demo,67.34
2024-08-09,TSLA,demo,55.16
2024-08-12,AAPL,demo,60.99
2024-08-12,MSFT,demo,78.5
2024-08-12,GOOGL,demo,72.79
2024-08-12,AMZN,demo,67.03
2024-08-12,TSLA,demo,55.97
2024-08-13,AAPL,demo,60.81
2024-08-13,MSFT,demo,78.78
2024-08-13,GOOGL,demo,70.56
2024-08-13,AMZN,demo,68.68
2024-08-13,TSLA,demo,56.13
2024-08-14,AAPL,demo,60.72
2024-08-14,MSFT,demo,77.41
2024-08-14,GOOGL,demo,72.24
2024-08-14,AMZN,demo,69.41
2024-08-14,TSLA,demo,53.23
2024-08-15,AAPL,demo,60.13
2024-08-15,MSFT,demo,78.07
2024-08-15,GOOGL,demo,71.14
2024-08-15,AMZN,demo,67.14
2024-08-15,TSLA,demo,52.59
2024-08-16,AAPL,demo,61.83
2024-08-16,MSFT,demo,78.86
2024-08-16,GOOGL,demo,70.26
2024-08-16,AMZN,demo,69.42
2024-08-16,TSLA,demo,56.36
2024-08-19,AAPL,demo,60.49
2024-08-19,MSFT,demo,79.69
2024-08-19,GOOGL,demo,71.39
2024-08-19,AMZN,demo,68.14
2024-08-19,TSLA,demo,53.84
2024-08-20,AAPL,demo,63.45
2024-08-20,MSFT,demo,78.23
2024-08-20,GOOGL,demo,72.09
2024-08-20,AMZN,demo,67.27
2024-08-20,TSLA,demo,56.54
2024-08-21,AAPL,demo,63.12
2024-08-21,MSFT,demo,80.15
2024-08-21,GOOGL,demo,72.92
2024-08-21,AMZN,demo,67.33
2024-08-21,TSLA,demo,55.51
2024-08-22,AAPL,demo,61.23
2024-08-22,MSFT,demo,79.83
2024-08-22,GOOGL,demo,73.08
2024-08-22,AMZN,demo,67.31
2024-08-22,TSLA,demo,55.63
2024-08-23,AAPL,demo,61.92
2024-08-23,MSFT,demo,75.75
2024-08-23,GOOGL,demo,72.76
2024-08-23,AMZN,demo,67.53
2024-08-23,TSLA,demo,53.79
2024-08-26,AAPL,demo,60.39
2024-08-26,MSFT,demo,78.39
2024-08-26,GOOGL,demo,72.44
2024-08-26,AMZN,demo,66.59
2024-08-26,TSLA,demo,54.87
2024-08-27,AAPL,demo,61.81
2024-08-27,MSFT,demo,80.38
2024-08-27,GOOGL,demo,70.88
2024-08-27,AMZN,demo,67.61
2024-08-27,TSLA,demo,54.94
2024-08-28,AAPL,demo,62.38
2024-08-28,MSFT,demo,78.22
2024-08-28,GOOGL,demo,73.16
2024-08-28,AMZN,demo,66.02
2024-08-28,TSLA,demo,53.43
2024-08-29,AAPL,demo,61.58
2024-08-29,MSFT,demo,77.11
2024-08-29,GOOGL,demo,70.79
2024-08-29,AMZN,demo,67.43
2024-08-29,TSLA,demo,55.45
2024-08-30,AAPL,demo,59.34
2024-08-30,MSFT,demo,78.69
2024-08-30,GOOGL,demo,72.99
2024-08-30,AMZN,demo,67.76
2024-08-30,TSLA,demo,54.31
2024-09-02,AAPL,demo,61.64
2024-09-02,MSFT,demo,78.33
2024-09-02,GOOGL,demo,73.35
2024-09-02,AMZN,demo,66.85
2024-09-02,TSLA,demo,54.63
2024-09-03,AAPL,demo,61.44
2024-09-03,MSFT,demo,78.14
2024-09-03,GOOGL,demo,69.09
2024-09-03,AMZN,demo,67.8
2024-09-03,TSLA,demo,55.58
2024-09-04,AAPL,demo,62.01
2024-09-04,MSFT,demo,78.88
2024-09-04,GOOGL,demo,70.86
2024-09-04,AMZN,demo,68.36
2024-09-04,TSLA,demo,54.11
2024-09-05,AAPL,demo,61.59
2024-09-05,MSFT,demo,78.64
2024-09-05,GOOGL,demo,70.98
2024-09-05,AMZN,demo,67.07
2024-09-05,TSLA,demo,55.04
2024-09-06,AAPL,demo,61.02
2024-09-06,MSFT,demo,77.68
2024-09-06,GOOGL,demo,71.04
2024-09-06,AMZN,demo,67.66
2024-09-06,TSLA,demo,56.25
2024-09-09,AAPL,demo,60.71
2024-09-09,MSFT,demo,78.51
2024-09-09,GOOGL,demo,72.06
2024-09-09,AMZN,demo,66.83
2024-09-09,TSLA,demo,52.92
2024-09-10,AAPL,demo,60.21
2024-09-10,MSFT,demo,78.77
2024-09-10,GOOGL,demo,72.05
2024-09-10,AMZN,demo,68.66
2024-09-10,TSLA,demo,54.78
2024-09-11,AAPL,demo,61.13
2024-09-11,MSFT,demo,77.92
2024-09-11,GOOGL,demo,72.84
2024-09-11,AMZN,demo,67.04
2024-09-11,TSLA,demo,53.57
2024-09-12,AAPL,demo,61.8
2024-09-12,MSFT,demo,77.19
2024-09-12,GOOGL,demo,74.37
2024-09-12,AMZN,demo,68.04
2024-09-12,TSLA,demo,55.03
2024-09-13,AAPL,demo,60.43
2024-09-13,MSFT,demo,78.21
2024-09-13,GOOGL,demo,71.53
2024-09-13,AMZN,demo,67.42
2024-09-13,TSLA,demo,55.31
2024-09-16,AAPL,demo,60.79
2024-09-16,MSFT,demo,79.54
2024-09-16,GOOGL,demo,74.62
2024-09-16,AMZN,demo,67.66
2024-09-16,TSLA,demo,54.83
2024-09-17,AAPL,demo,61.62
2024-09-17,MSFT,demo,80.33
2024-09-17,GOOGL,demo,71.88
2024-09-17,AMZN,demo,67.13
2024-09-17,TSLA,demo,53.41
2024-09-18,AAPL,demo,61.18
2024-09-18,MSFT,demo,78.07
2024-09-18,GOOGL,demo,73.97
2024-09-18,AMZN,demo,69.73
2024-09-18,TSLA,demo,53.65
2024-09-19,AAPL,demo,60.53
2024-09-19,MSFT,demo,78.6
2024-09-19,GOOGL,demo,73.36
2024-09-19,AMZN,demo,68.02
2024-09-19,TSLA,demo,54.03
2024-09-20,AAPL,demo,61.18
2024-09-20,MSFT,demo,77.89
2024-09-20,GOOGL,demo,72.56
2024-09-20,AMZN,demo,67.25
2024-09-20,TSLA,demo,54.17
2024-09-23,AAPL,demo,62.4
2024-09-23,MSFT,demo,77.75
2024-09-23,GOOGL,demo,70.51
2024-09-23,AMZN,demo,68.05
2024-09-23,TSLA,demo,54.32
2024-09-24,AAPL,demo,61.75
2024-09-24,MSFT,demo,78.84
2024-09-24,GOOGL,demo,71.93
2024-09-24,AMZN,demo,67.9
2024-09-24,TSLA,demo,53.94
2024-09-25,AAPL,demo,61.32
2024-09-25,MSFT,demo,79.4
2024-09-25,GOOGL,demo,70.99
2024-09-25,AMZN,demo,67.95
2024-09-25,TSLA,demo,55.72
2024-09-26,AAPL,demo,61.74
2024-09-26,MSFT,demo,79.83
2024-09-26,GOOGL,demo,71.39
2024-09-26,AMZN,demo,66.13
2024-09-26,TSLA,demo,54.88
2024-09-27,AAPL,demo,61.6
2024-09-27,MSFT,demo,79.89
2024-09-27,GOOGL,demo,73.15
2024-09-27,AMZN,demo,68.5
2024-09-27,TSLA,demo,55.45
2024-09-30,AAPL,demo,61.04
2024-09-30,MSFT,demo,77.3
2024-09-30,GOOGL,demo,72.08
2024-09-30,AMZN,demo,68.94
2024-09-30,TSLA,demo,55.34
2024-10-01,AAPL,demo,62.07
2024-10-01,MSFT,demo,78.09
2024-10-01,GOOGL,demo,71.69
2024-10-01,AMZN,demo,68.44
2024-10-01,TSLA,demo,54.13
2024-10-02,AAPL,demo,60.72
2024-10-02,MSFT,demo,78.82
2024-10-02,GOOGL,demo,72.72
2024-10-02,AMZN,demo,67.76
2024-10-02,TSLA,demo,53.52
2024-10-03,AAPL,demo,60.5
2024-10-03,MSFT,demo,78.73
2024-10-03,GOOGL,demo,72.15
2024-10-03,AMZN,demo,68.2
2024-10-03,TSLA,demo,55.2
2024-10-04,AAPL,demo,61.24
2024-10-04,MSFT,demo,78.79
2024-10-04,GOOGL,demo,71.91
2024-10-04,AMZN,demo,69.11
2024-10-04,TSLA,demo,56.11
2024-10-07,AAPL,demo,60.05
2024-10-07,MSFT,demo,78.27
2024-10-07,GOOGL,demo,71.99
2024-10-07,AMZN,demo,67.69
2024-10-07,TSLA,demo,56.47
2024-10-08,AAPL,demo,61.46
2024-10-08,MSFT,demo,77.72
2024-10-08,GOOGL,demo,72.56
2024-10-08,AMZN,demo,68.23
2024-10-08,TSLA,demo,54.98
2024-10-09,AAPL,demo,63.04
2024-10-09,MSFT,demo,78.87
2024-10-09,GOOGL,demo,71.66
2024-10-09,AMZN,demo,66.0
2024-10-09,TSLA,demo,54.52
2024-10-10,AAPL,demo,62.54
2024-10-10,MSFT,demo,78.43
2024-10-10,GOOGL,demo,69.72
2024-10-10,AMZN,demo,67.46
2024-10-10,TSLA,demo,55.67
2024-10-11,AAPL,demo,61.78
2024-10-11,MSFT,demo,77.68
2024-10-11,GOOGL,demo,71.39
2024-10-11,AMZN,demo,67.55
2024-10-11,TSLA,demo,54.02
2024-10-14,AAPL,demo,59.21
2024-10-14,MSFT,demo,79.29
2024-10-14,GOOGL,demo,73.22
2024-10-14,AMZN,demo,66.44
2024-10-14,TSLA,demo,55.92
2024-10-15,AAPL,demo,61.13
2024-10-15,MSFT,demo,79.75
2024-10-15,GOOGL,demo,72.0
2024-10-15,AMZN,demo,68.1
2024-10-15,TSLA,demo,55.05
2024-10-16,AAPL,demo,60.45
2024-10-16,MSFT,demo,79.72
2024-10-16,GOOGL,demo,70.84
2024-10-16,AMZN,demo,67.56
2024-10-16,TSLA,demo,55.2
2024-10-17,AAPL,demo,60.73
2024-10-17,MSFT,demo,79.3
2024-10-17,GOOGL,demo,73.34
2024-10-17,AMZN,demo,68.97
2024-10-17,TSLA,demo,52.74
2024-10-18,AAPL,demo,61.36
2024-10-18,MSFT,demo,79.55
2024-10-18,GOOGL,demo,70.64
2024-10-18,AMZN,demo,68.68
2024-10-18,TSLA,demo,55.35
2024-10-21,AAPL,demo,60.02
2024-10-21,MSFT,demo,79.36
2024-10-21,GOOGL,demo,72.23
2024-10-21,AMZN,demo,68.61
2024-10-21,TSLA,demo,53.71
2024-10-22,AAPL,demo,61.39
2024-10-22,MSFT,demo,76.82
2024-10-22,GOOGL,demo,69.68
2024-10-22,AMZN,demo,68.1
2024-10-22,TSLA,demo,55.78
2024-10-23,AAPL,demo,61.49
2024-10-23,MSFT,demo,78.46
2024-10-23,GOOGL,demo,71.77
2024-10-23,AMZN,demo,67.02
2024-10-23,TSLA,demo,54.46
2024-10-24,AAPL,demo,61.66
2024-10-24,MSFT,demo,78.09
2024-10-24,GOOGL,demo,72.71
2024-10-24,AMZN,demo,68.16
2024-10-24,TSLA,demo,55.0
2024-10-25,AAPL,demo,62.12
2024-10-25,MSFT,demo,77.99
2024-10-25,GOOGL,demo,72.62
2024-10-25,AMZN,demo,67.57
2024-10-25,TSLA,demo,55.02
2024-10-28,AAPL,demo,60.59
2024-10-28,MSFT,demo,77.61
2024-10-28,GOOGL,demo,72.05
2024-10-28,AMZN,demo,66.07
2024-10-28,TSLA,demo,54.38
2024-10-29,AAPL,demo,59.63
2024-10-29,MSFT,demo,79.3
2024-10-29,GOOGL,demo,73.01
2024-10-29,AMZN,demo,67.1
2024-10-29,TSLA,demo,55.11
2024-10-30,AAPL,demo,62.14
2024-10-30,MSFT,demo,79.42
2024-10-30,GOOGL,demo,72.17
2024-10-30,AMZN,demo,68.69
2024-10-30,TSLA,demo,54.03
2024-10-31,AAPL,demo,61.32
2024-10-31,MSFT,demo,78.05
2024-10-31,GOOGL,demo,71.23
2024-10-31,AMZN,demo,68.0
2024-10-31,TSLA,demo,55.03
2024-11-01,AAPL,demo,62.4
2024-11-01,MSFT,demo,78.79
2024-11-01,GOOGL,demo,72.6
2024-11-01,AMZN,demo,68.61
2024-11-01,TSLA,demo,57.37
2024-11-04,AAPL,demo,59.43
2024-11-04,MSFT,demo,77.83
2024-11-04,GOOGL,demo,73.43
2024-11-04,AMZN,demo,67.61
2024-11-04,TSLA,demo,55.57
2024-11-05,AAPL,demo,61.47
2024-11-05,MSFT,demo,80.63
2024-11-05,GOOGL,demo,70.85
2024-11-05,AMZN,demo,69.18
2024-11-05,TSLA,demo,56.43
2024-11-06,AAPL,demo,60.22
2024-11-06,MSFT,demo,79.3
2024-11-06,GOOGL,demo,70.99
2024-11-06,AMZN,demo,67.99
2024-11-06,TSLA,demo,54.42
2024-11-07,AAPL,demo,58.83
2024-11-07,MSFT,demo,78.95
2024-11-07,GOOGL,demo,72.1
2024-11-07,AMZN,demo,69.44
2024-11-07,TSLA,demo,55.29
2024-11-08,AAPL,demo,63.53
2024-11-08,MSFT,demo,78.63
2024-11-08,GOOGL,demo,71.85
2024-11-08,AMZN,demo,67.78
2024-11-08,TSLA,demo,54.24
2024-11-11,AAPL,demo,59.03
2024-11-11,MSFT,demo,78.3
2024-11-11,GOOGL,demo,69.89
2024-11-11,AMZN,demo,68.41
2024-11-11,TSLA,demo,53.44
2024-11-12,AAPL,demo,60.34
2024-11-12,MSFT,demo,77.85
2024-11-12,GOOGL,demo,71.75
2024-11-12,AMZN,demo,67.97
2024-11-12,TSLA,demo,55.77
2024-11-13,AAPL,demo,60.66
2024-11-13,MSFT,demo,79.0
2024-11-13,GOOGL,demo,74.69
2024-11-13,AMZN,demo,68.34
2024-11-13,TSLA,demo,54.5
2024-11-14,AAPL,demo,60.46
2024-11-14,MSFT,demo,78.33
2024-11-14,GOOGL,demo,71.07
2024-11-14,AMZN,demo,68.23
2024-11-14,TSLA,demo,54.78
2024-11-15,AAPL,demo,59.07
2024-11-15,MSFT,demo,78.5
2024-11-15,GOOGL,demo,73.04
2024-11-15,AMZN,demo,67.56
2024-11-15,TSLA,demo,54.03
2024-11-18,AAPL,demo,59.86
2024-11-18,MSFT,demo,76.66
2024-11-18,GOOGL,demo,72.79
2024-11-18,AMZN,demo,67.78
2024-11-18,TSLA,demo,55.45
2024-11-19,AAPL,demo,62.77
2024-11-19,MSFT,demo,79.44
2024-11-19,GOOGL,demo,71.42
2024-11-19,AMZN,demo,68.1
2024-11-19,TSLA,demo,54.07
2024-11-20,AAPL,demo,60.53
2024-11-20,MSFT,demo,78.86
2024-11-20,GOOGL,demo,71.13
2024-11-20,AMZN,demo,65.75
2024-11-20,TSLA,demo,53.79
2024-11-21,AAPL,demo,60.93
2024-11-21,MSFT,demo,80.04
2024-11-21,GOOGL,demo,71.47
2024-11-21,AMZN,demo,68.47
2024-11-21,TSLA,demo,54.51
2024-11-22,AAPL,demo,62.46
2024-11-22,MSFT,demo,79.68
2024-11-22,GOOGL,demo,73.14
2024-11-22,AMZN,demo,66.23
2024-11-22,TSLA,demo,54.89
2024-11-25,AAPL,demo,62.0
2024-11-25,MSFT,demo,78.9
2024-11-25,GOOGL,demo,72.6
2024-11-25,AMZN,demo,68.02
2024-11-25,TSLA,demo,53.94
2024-11-26,AAPL,demo,59.54
2024-11-26,MSFT,demo,77.88
2024-11-26,GOOGL,demo,74.64
2024-11-26,AMZN,demo,67.47
2024-11-26,TSLA,demo,52.72
2024-11-27,AAPL,demo,61.97
2024-11-27,MSFT,demo,79.38
2024-11-27,GOOGL,demo,73.25
2024-11-27,AMZN,demo,68.43
2024-11-27,TSLA,demo,55.53
2024-11-28,AAPL,demo,63.08
2024-11-28,MSFT,demo,77.78
2024-11-28,GOOGL,demo,71.02
2024-11-28,AMZN,demo,66.87
2024-11-28,TSLA,demo,54.41
2024-11-29,AAPL,demo,62.67
2024-11-29,MSFT,demo,79.05
2024-11-29,GOOGL,demo,72.45
2024-11-29,AMZN,demo,66.14
2024-11-29,TSLA,demo,53.99
2024-12-02,AAPL,demo,59.4
2024-12-02,MSFT,demo,79.69
2024-12-02,GOOGL,demo,73.55
2024-12-02,AMZN,demo,68.74
2024-12-02,TSLA,demo,53.69
2024-12-03,AAPL,demo,62.72
2024-12-03,MSFT,demo,78.27
2024-12-03,GOOGL,demo,70.75
2024-12-03,AMZN,demo,67.0
2024-12-03,TSLA,demo,54.25
2024-12-04,AAPL,demo,61.29
2024-12-04,MSFT,demo,78.36
2024-12-04,GOOGL,demo,70.55
2024-12-04,AMZN,demo,69.17
2024-12-04,TSLA,demo,54.53
2024-12-05,AAPL,demo,60.52
2024-12-05,MSFT,demo,79.63
2024-12-05,GOOGL,demo,70.78
2024-12-05,AMZN,demo,66.33
2024-12-05,TSLA,demo,55.95
2024-12-06,AAPL,demo,63.13
2024-12-06,MSFT,demo,78.06
2024-12-06,GOOGL,demo,71.91
2024-12-06,AMZN,demo,66.81
2024-12-06,TSLA,demo,54.69
2024-12-09,AAPL,demo,60.76
2024-12-09,MSFT,demo,78.42
2024-12-09,GOOGL,demo,72.37
2024-12-09,AMZN,demo,66.86
2024-12-09,TSLA,demo,54.32
2024-12-10,AAPL,demo,59.43
2024-12-10,MSFT,demo,78.17
2024-12-10,GOOGL,demo,71.87
2024-12-10,AMZN,demo,68.19
2024-12-10,TSLA,demo,54.92
2024-12-11,AAPL,demo,62.14
2024-12-11,MSFT,demo,76.98
2024-12-11,GOOGL,demo,70.47
2024-12-11,AMZN,demo,68.49
2024-12-11,TSLA,demo,52.64
2024-12-12,AAPL,demo,61.42
2024-12-12,MSFT,demo,77.34
2024-12-12,GOOGL,demo,73.53
2024-12-12,AMZN,demo,68.21
2024-12-12,TSLA,demo,54.46
2024-12-13,AAPL,demo,62.46
2024-12-13,MSFT,demo,77.46
2024-12-13,GOOGL,demo,71.09
2024-12-13,AMZN,demo,66.7
2024-12-13,TSLA,demo,53.82
2024-12-16,AAPL,demo,61.3
2024-12-16,MSFT,demo,79.02
2024-12-16,GOOGL,demo,72.92
2024-12-16,AMZN,demo,66.14
2024-12-16,TSLA,demo,54.51
2024-12-17,AAPL,demo,60.13
2024-12-17,MSFT,demo,78.32
2024-12-17,GOOGL,demo,74.29
2024-12-17,AMZN,demo,68.25
2024-12-17,TSLA,demo,55.58
2024-12-18,AAPL,demo,63.2
2024-12-18,MSFT,demo,79.65
2024-12-18,GOOGL,demo,71.51
2024-12-18,AMZN,demo,66.68
2024-12-18,TSLA,demo,54.65
2024-12-19,AAPL,demo,60.67
2024-12-19,MSFT,demo,77.0
2024-12-19,GOOGL,demo,72.2
2024-12-19,AMZN,demo,68.23
2024-12-19,TSLA,demo,56.45
2024-12-20,AAPL,demo,60.87
2024-12-20,MSFT,demo,78.8
2024-12-20,GOOGL,demo,71.29
2024-12-20,AMZN,demo,68.83
2024-12-20,TSLA,demo,54.56
2024-12-23,AAPL,demo,60.06
2024-12-23,MSFT,demo,78.51
2024-12-23,GOOGL,demo,72.35
2024-12-23,AMZN,demo,68.22
2024-12-23,TSLA,demo,55.73
2024-12-24,AAPL,demo,59.79
2024-12-24,MSFT,demo,77.68
2024-12-24,GOOGL,demo,72.6
2024-12-24,AMZN,demo,67.23
2024-12-24,TSLA,demo,54.92
2024-12-25,AAPL,demo,58.82
2024-12-25,MSFT,demo,81.24
2024-12-25,GOOGL,demo,71.69
2024-12-25,AMZN,demo,69.15
2024-12-25,TSLA,demo,54.34
2024-12-26,AAPL,demo,61.65
2024-12-26,MSFT,demo,80.01
2024-12-26,GOOGL,demo,73.13
2024-12-26,AMZN,demo,67.76
2024-12-26,TSLA,demo,54.55
2024-12-27,AAPL,demo,62.24
2024-12-27,MSFT,demo,80.85
2024-12-27,GOOGL,demo,72.15
2024-12-27,AMZN,demo,69.92
2024-12-27,TSLA,demo,54.44
2024-12-30,AAPL,demo,62.19
2024-12-30,MSFT,demo,79.62
2024-12-30,GOOGL,demo,71.55
2024-12-30,AMZN,demo,67.21
2024-12-30,TSLA,demo,55.83
2024-12-31,AAPL,demo,60.7
2024-12-31,MSFT,demo,77.63
2024-12-31,GOOGL,demo,71.28
2024-12-31,AMZN,demo,67.42
2024-12-31,TSLA,demo,55.54
2025-01-01,AAPL,demo,61.75
2025-01-01,MSFT,demo,79.24
2025-01-01,GOOGL,demo,72.38
2025-01-01,AMZN,demo,67.37
2025-01-01,TSLA,demo,55.38
2025-01-02,AAPL,demo,62.42
2025-01-02,MSFT,demo,79.11
2025-01-02,GOOGL,demo,72.41
2025-01-02,AMZN,demo,67.19
2025-01-02,TSLA,demo,54.89
2025-01-03,AAPL,demo,60.42
2025-01-03,MSFT,demo,78.5
2025-01-03,GOOGL,demo,70.32
2025-01-03,AMZN,demo,66.33
2025-01-03,TSLA,demo,54.49
2025-01-06,AAPL,demo,60.69
2025-01-06,MSFT,demo,78.63
2025-01-06,GOOGL,demo,71.83
2025-01-06,AMZN,demo,67.99
2025-01-06,TSLA,demo,55.29
2025-01-07,AAPL,demo,60.77
2025-01-07,MSFT,demo,78.3
2025-01-07,GOOGL,demo,73.41
2025-01-07,AMZN,demo,67.96
2025-01-07,TSLA,demo,54.5
2025-01-08,AAPL,demo,61.32
2025-01-08,MSFT,demo,78.36
2025-01-08,GOOGL,demo,71.25
2025-01-08,AMZN,demo,66.96
2025-01-08,TSLA,demo,53.92
2025-01-09,AAPL,demo,62.11
2025-01-09,MSFT,demo,77.89
2025-01-09,GOOGL,demo,71.8
2025-01-09,AMZN,demo,68.66
2025-01-09,TSLA,demo,54.4
2025-01-10,AAPL,demo,61.87
2025-01-10,MSFT,demo,76.98
2025-01-10,GOOGL,demo,71.83
2025-01-10,AMZN,demo,68.04
2025-01-10,TSLA,demo,54.7
2025-01-13,AAPL,demo,59.58
2025-01-13,MSFT,demo,79.72
2025-01-13,GOOGL,demo,71.11
2025-01-13,AMZN,demo,68.29
2025-01-13,TSLA,demo,54.69
2025-01-14,AAPL,demo,62.24
2025-01-14,MSFT,demo,80.71
2025-01-14,GOOGL,demo,70.67
2025-01-14,AMZN,demo,67.31
2025-01-14,TSLA,demo,54.87
2025-01-15,AAPL,demo,60.13
2025-01-15,MSFT,demo,79.3
2025-01-15,GOOGL,demo,72.8
2025-01-15,AMZN,demo,68.52
2025-01-15,TSLA,demo,54.92
2025-01-16,AAPL,demo,62.61
2025-01-16,MSFT,demo,77.37
2025-01-16,GOOGL,demo,72.03
2025-01-16,AMZN,demo,67.22
2025-01-16,TSLA,demo,55.57
2025-01-17,AAPL,demo,59.4
2025-01-17,MSFT,demo,78.49
2025-01-17,GOOGL,demo,72.3
2025-01-17,AMZN,demo,67.01
2025-01-17,TSLA,demo,54.05
2025-01-20,AAPL,demo,61.25
2025-01-20,MSFT,demo,79.48
2025-01-20,GOOGL,demo,70.93
2025-01-20,AMZN,demo,67.1
2025-01-20,TSLA,demo,55.81
2025-01-21,AAPL,demo,60.96
2025-01-21,MSFT,demo,77.74
2025-01-21,GOOGL,demo,72.69
2025-01-21,AMZN,demo,67.47
2025-01-21,TSLA,demo,55.71
2025-01-22,AAPL,demo,60.57
2025-01-22,MSFT,demo,78.36
2025-01-22,GOOGL,demo,72.9
2025-01-22,AMZN,demo,67.73
2025-01-22,TSLA,demo,55.44
2025-01-23,AAPL,demo,61.17
2025-01-23,MSFT,demo,80.5
2025-01-23,GOOGL,demo,73.53
2025-01-23,AMZN,demo,66.63
2025-01-23,TSLA,demo,55.2
2025-01-24,AAPL,demo,60.42
2025-01-24,MSFT,demo,78.71
2025-01-24,GOOGL,demo,72.03
2025-01-24,AMZN,demo,66.9
2025-01-24,TSLA,demo,55.74
2025-01-27,AAPL,demo,61.44
2025-01-27,MSFT,demo,78.24
2025-01-27,GOOGL,demo,71.52
2025-01-27,AMZN,demo,68.1
2025-01-27,TSLA,demo,55.09
2025-01-28,AAPL,demo,61.11
2025-01-28,MSFT,demo,75.69
2025-01-28,GOOGL,demo,71.98
2025-01-28,AMZN,demo,66.52
2025-01-28,TSLA,demo,54.47
2025-01-29,AAPL,demo,59.83
2025-01-29,MSFT,demo,77.1
2025-01-29,GOOGL,demo,73.19
2025-01-29,AMZN,demo,67.64
2025-01-29,TSLA,demo,54.28
2025-01-30,AAPL,demo,61.72
2025-01-30,MSFT,demo,78.15
2025-01-30,GOOGL,demo,74.06
2025-01-30,AMZN,demo,67.69
2025-01-30,TSLA,demo,55.05
2025-01-31,AAPL,demo,62.21
2025-01-31,MSFT,demo,80.12
2025-01-31,GOOGL,demo,71.22
2025-01-31,AMZN,demo,67.54
2025-01-31,TSLA,demo,55.96
2025-02-03,AAPL,demo,62.05
2025-02-03,MSFT,demo,79.6
2025-02-03,GOOGL,demo,70.59
2025-02-03,AMZN,demo,69.51
2025-02-03,TSLA,demo,53.92
2025-02-04,AAPL,demo,61.43
2025-02-04,MSFT,demo,78.37
2025-02-04,GOOGL,demo,71.08
2025-02-04,AMZN,demo,66.55
2025-02-04,TSLA,demo,52.94
2025-02-05,AAPL,demo,61.36
2025-02-05,MSFT,demo,77.0
2025-02-05,GOOGL,demo,70.83
2025-02-05,AMZN,demo,67.74
2025-02-05,TSLA,demo,52.04
2025-02-06,AAPL,demo,62.02
2025-02-06,MSFT,demo,76.11
2025-02-06,GOOGL,demo,71.88
2025-02-06,AMZN,demo,67.97
2025-02-06,TSLA,demo,55.22
2025-02-07,AAPL,demo,61.19
2025-02-07,MSFT,demo,80.54
2025-02-07,GOOGL,demo,72.18
2025-02-07,AMZN,demo,69.01
2025-02-07,TSLA,demo,53.96
2025-02-10,AAPL,demo,61.36
2025-02-10,MSFT,demo,80.07
2025-02-10,GOOGL,demo,71.72
2025-02-10,AMZN,demo,68.15
2025-02-10,TSLA,demo,55.66
2025-02-11,AAPL,demo,60.49
2025-02-11,MSFT,demo,76.36
2025-02-11,GOOGL,demo,72.22
2025-02-11,AMZN,demo,68.95
2025-02-11,TSLA,demo,53.33
2025-02-12,AAPL,demo,61.91
2025-02-12,MSFT,demo,79.2
2025-02-12,GOOGL,demo,69.69
2025-02-12,AMZN,demo,67.02
2025-02-12,TSLA,demo,54.28
2025-02-13,AAPL,demo,61.06
2025-02-13,MSFT,demo,77.78
2025-02-13,GOOGL,demo,71.16
2025-02-13,AMZN,demo,69.63
2025-02-13,TSLA,demo,54.57
2025-02-14,AAPL,demo,60.54
2025-02-14,MSFT,demo,78.48
2025-02-14,GOOGL,demo,72.5
2025-02-14,AMZN,demo,68.01
2025-02-14,TSLA,demo,54.47
2025-02-17,AAPL,demo,60.59
2025-02-17,MSFT,demo,77.86
2025-02-17,GOOGL,demo,71.36
2025-02-17,AMZN,demo,68.3
2025-02-17,TSLA,demo,53.69
2025-02-18,AAPL,demo,61.63
2025-02-18,MSFT,demo,79.93
2025-02-18,GOOGL,demo,72.29
2025-02-18,AMZN,demo,67.59
2025-02-18,TSLA,demo,53.38
2025-02-19,AAPL,demo,62.81
2025-02-19,MSFT,demo,77.35
2025-02-19,GOOGL,demo,72.81
2025-02-19,AMZN,demo,68.6
2025-02-19,TSLA,demo,54.44
2025-02-20,AAPL,demo,60.97
2025-02-20,MSFT,demo,76.69
2025-02-20,GOOGL,demo,72.29
2025-02-20,AMZN,demo,68.58
2025-02-20,TSLA,demo,53.59
2025-02-21,AAPL,demo,61.08
2025-02-21,MSFT,demo,78.56
2025-02-21,GOOGL,demo,72.54
2025-02-21,AMZN,demo,67.96
2025-02-21,TSLA,demo,53.05
2025-02-24,AAPL,demo,60.71
2025-02-24,MSFT,demo,78.75
2025-02-24,GOOGL,demo,72.8
2025-02-24,AMZN,demo,67.34
2025-02-24,TSLA,demo,56.87
2025-02-25,AAPL,demo,59.34
2025-02-25,MSFT,demo,77.96
2025-02-25,GOOGL,demo,71.88
2025-02-25,AMZN,demo,67.76
2025-02-25,TSLA,demo,53.45
2025-02-26,AAPL,demo,61.68
2025-02-26,MSFT,demo,78.89
2025-02-26,GOOGL,demo,72.01
2025-02-26,AMZN,demo,68.29
2025-02-26,TSLA,demo,54.26
2025-02-27,AAPL,demo,59.62
2025-02-27,MSFT,demo,77.8
2025-02-27,GOOGL,demo,72.12
2025-02-27,AMZN,demo,68.12
2025-02-27,TSLA,demo,54.72
2025-02-28,AAPL,demo,61.78
2025-02-28,MSFT,demo,77.94
2025-02-28,GOOGL,demo,71.99
2025-02-28,AMZN,demo,68.53
2025-02-28,TSLA,demo,54.6
2025-03-03,AAPL,demo,59.99
2025-03-03,MSFT,demo,77.56
2025-03-03,GOOGL,demo,72.79
2025-03-03,AMZN,demo,69.35
2025-03-03,TSLA,demo,55.86
2025-03-04,AAPL,demo,61.47
2025-03-04,MSFT,demo,77.32
2025-03-04,GOOGL,demo,71.95
2025-03-04,AMZN,demo,69.52
2025-03-04,TSLA,demo,55.3
2025-03-05,AAPL,demo,61.03
2025-03-05,MSFT,demo,79.15
2025-03-05,GOOGL,demo,70.69
2025-03-05,AMZN,demo,67.26
2025-03-05,TSLA,demo,53.6
2025-03-06,AAPL,demo,61.71
2025-03-06,MSFT,demo,79.24
2025-03-06,GOOGL,demo,71.81
2025-03-06,AMZN,demo,67.09
2025-03-06,TSLA,demo,54.66
2025-03-07,AAPL,demo,60.75
2025-03-07,MSFT,demo,77.73
2025-03-07,GOOGL,demo,72.3
2025-03-07,AMZN,demo,67.2
2025-03-07,TSLA,demo,53.11
2025-03-10,AAPL,demo,59.89
2025-03-10,MSFT,demo,76.92
2025-03-10,GOOGL,demo,72.21
2025-03-10,AMZN,demo,68.11
2025-03-10,TSLA,demo,54.78
2025-03-11,AAPL,demo,61.82
2025-03-11,MSFT,demo,79.71
2025-03-11,GOOGL,demo,71.37
2025-03-11,AMZN,demo,68.37
2025-03-11,TSLA,demo,53.1
2025-03-12,AAPL,demo,62.61
2025-03-12,MSFT,demo,77.28
2025-03-12,GOOGL,demo,71.25
2025-03-12,AMZN,demo,67.36
2025-03-12,TSLA,demo,53.15
2025-03-13,AAPL,demo,61.27
2025-03-13,MSFT,demo,78.74
2025-03-13,GOOGL,demo,71.77
2025-03-13,AMZN,demo,66.42
2025-03-13,TSLA,demo,56.66
2025-03-14,AAPL,demo,61.79
2025-03-14,MSFT,demo,81.16
2025-03-14,GOOGL,demo,71.15
2025-03-14,AMZN,demo,68.92
2025-03-14,TSLA,demo,55.46
2025-03-17,AAPL,demo,60.95
2025-03-17,MSFT,demo,79.93
2025-03-17,GOOGL,demo,71.55
2025-03-17,AMZN,demo,67.6
2025-03-17,TSLA,demo,51.21
2025-03-18,AAPL,demo,61.65
2025-03-18,MSFT,demo,77.2
2025-03-18,GOOGL,demo,71.41
2025-03-18,AMZN,demo,66.93
2025-03-18,TSLA,demo,54.31
2025-03-19,AAPL,demo,61.68
2025-03-19,MSFT,demo,78.53
2025-03-19,GOOGL,demo,72.67
2025-03-19,AMZN,demo,69.23
2025-03-19,TSLA,demo,54.31
2025-03-20,AAPL,demo,60.76
2025-03-20,MSFT,demo,79.48
2025-03-20,GOOGL,demo,73.0
2025-03-20,AMZN,demo,68.7
2025-03-20,TSLA,demo,53.73
2025-03-21,AAPL,demo,61.66
2025-03-21,MSFT,demo,78.63
2025-03-21,GOOGL,demo,73.01
2025-03-21,AMZN,demo,67.39
2025-03-21,TSLA,demo,53.01
2025-03-24,AAPL,demo,61.93
2025-03-24,MSFT,demo,75.96
2025-03-24,GOOGL,demo,71.23
2025-03-24,AMZN,demo,66.94
2025-03-24,TSLA,demo,53.65
2025-03-25,AAPL,demo,60.49
2025-03-25,MSFT,demo,79.74
2025-03-25,GOOGL,demo,72.78
2025-03-25,AMZN,demo,67.71
2025-03-25,TSLA,demo,55.81
2025-03-26,AAPL,demo,60.17
2025-03-26,MSFT,demo,77.32
2025-03-26,GOOGL,demo,72.82
2025-03-26,AMZN,demo,68.54
2025-03-26,TSLA,demo,54.22
2025-03-27,AAPL,demo,60.1
2025-03-27,MSFT,demo,79.98
2025-03-27,GOOGL,demo,70.24
2025-03-27,AMZN,demo,67.36
2025-03-27,TSLA,demo,54.91
2025-03-28,AAPL,demo,63.04
2025-03-28,MSFT,demo,78.9
2025-03-28,GOOGL,demo,72.44
2025-03-28,AMZN,demo,67.39
2025-03-28,TSLA,demo,55.25
2025-03-31,AAPL,demo,61.34
2025-03-31,MSFT,demo,76.93
2025-03-31,GOOGL,demo,72.75
2025-03-31,AMZN,demo,68.93
2025-03-31,TSLA,demo,55.48
2025-04-01,AAPL,demo,61.27
2025-04-01,MSFT,demo,77.57
2025-04-01,GOOGL,demo,69.65
2025-04-01,AMZN,demo,68.12
2025-04-01,TSLA,demo,55.76
2025-04-02,AAPL,demo,62.23
2025-04-02,MSFT,demo,79.34
2025-04-02,GOOGL,demo,71.89
2025-04-02,AMZN,demo,69.05
2025-04-02,TSLA,demo,55.6
2025-04-03,AAPL,demo,60.81
2025-04-03,MSFT,demo,79.2
2025-04-03,GOOGL,demo,71.42
2025-04-03,AMZN,demo,68.5
2025-04-03,TSLA,demo,53.38
2025-04-04,AAPL,demo,60.01
2025-04-04,MSFT,demo,79.58
2025-04-04,GOOGL,demo,72.9
2025-04-04,AMZN,demo,68.59
2025-04-04,TSLA,demo,54.77
2025-04-07,AAPL,demo,58.84
2025-04-07,MSFT,demo,78.45
2025-04-07,GOOGL,demo,72.41
2025-04-07,AMZN,demo,67.43
2025-04-07,TSLA,demo,53.97
2025-04-08,AAPL,demo,62.68
2025-04-08,MSFT,demo,78.46
2025-04-08,GOOGL,demo,72.41
2025-04-08,AMZN,demo,68.73
2025-04-08,TSLA,demo,53.68
2025-04-09,AAPL,demo,61.43
2025-04-09,MSFT,demo,79.84
2025-04-09,GOOGL,demo,73.78
2025-04-09,AMZN,demo,68.0
2025-04-09,TSLA,demo,54.44
2025-04-10,AAPL,demo,61.51
2025-04-10,MSFT,demo,78.77
2025-04-10,GOOGL,demo,73.35
2025-04-10,AMZN,demo,66.96
2025-04-10,TSLA,demo,54.4
2025-04-11,AAPL,demo,60.12
2025-04-11,MSFT,demo,77.51
2025-04-11,GOOGL,demo,72.34
2025-04-11,AMZN,demo,68.77
2025-04-11,TSLA,demo,54.03
2025-04-14,AAPL,demo,62.01
2025-04-14,MSFT,demo,79.63
2025-04-14,GOOGL,demo,73.89
2025-04-14,AMZN,demo,68.03
2025-04-14,TSLA,demo,54.04
2025-04-15,AAPL,demo,60.23
2025-04-15,MSFT,demo,77.42
2025-04-15,GOOGL,demo,73.21
2025-04-15,AMZN,demo,66.44
2025-04-15,TSLA,demo,55.9
2025-04-16,AAPL,demo,60.37
2025-04-16,MSFT,demo,77.84
2025-04-16,GOOGL,demo,71.81
2025-04-16,AMZN,demo,67.26
2025-04-16,TSLA,demo,55.61
2025-04-17,AAPL,demo,63.05
2025-04-17,MSFT,demo,77.86
2025-04-17,GOOGL,demo,71.53
2025-04-17,AMZN,demo,67.8
2025-04-17,TSLA,demo,55.22
2025-04-18,AAPL,demo,61.08
2025-04-18,MSFT,demo,79.91
2025-04-18,GOOGL,demo,73.11
2025-04-18,AMZN,demo,66.77
2025-04-18,TSLA,demo,55.2
2025-04-21,AAPL,demo,62.76
2025-04-21,MSFT,demo,78.03
2025-04-21,GOOGL,demo,71.67
2025-04-21,AMZN,demo,67.43
2025-04-21,TSLA,demo,54.17
2025-04-22,AAPL,demo,59.57
2025-04-22,MSFT,demo,77.19
2025-04-22,GOOGL,demo,72.04
2025-04-22,AMZN,demo,69.47
2025-04-22,TSLA,demo,54.07
2025-04-23,AAPL,demo,60.59
2025-04-23,MSFT,demo,80.22
2025-04-23,GOOGL,demo,70.85
2025-04-23,AMZN,demo,66.3
2025-04-23,TSLA,demo,53.85
2025-04-24,AAPL,demo,60.57
2025-04-24,MSFT,demo,76.77
2025-04-24,GOOGL,demo,71.83
2025-04-24,AMZN,demo,68.91
2025-04-24,TSLA,demo,53.39
2025-04-25,AAPL,demo,61.32
2025-04-25,MSFT,demo,78.92
2025-04-25,GOOGL,demo,71.88
2025-04-25,AMZN,demo,68.15
2025-04-25,TSLA,demo,54.88
2025-04-28,AAPL,demo,60.42
2025-04-28,MSFT,demo,80.02
2025-04-28,GOOGL,demo,73.21
2025-04-28,AMZN,demo,69.15
2025-04-28,TSLA,demo,55.69
2025-04-29,AAPL,demo,59.66
2025-04-29,MSFT,demo,79.45
2025-04-29,GOOGL,demo,72.62
2025-04-29,AMZN,demo,66.42
2025-04-29,TSLA,demo,54.47
2025-04-30,AAPL,demo,61.51
2025-04-30,MSFT,demo,80.19
2025-04-30,GOOGL,demo,72.68
2025-04-30,AMZN,demo,67.1
2025-04-30,TSLA,demo,56.38
2025-05-01,AAPL,demo,61.28
2025-05-01,MSFT,demo,78.27
2025-05-01,GOOGL,demo,71.63
2025-05-01,AMZN,demo,66.34
2025-05-01,TSLA,demo,54.57
2025-05-02,AAPL,demo,61.73
2025-05-02,MSFT,demo,78.14
2025-05-02,GOOGL,demo,72.38
2025-05-02,AMZN,demo,67.1
2025-05-02,TSLA,demo,54.54
2025-05-05,AAPL,demo,61.55
2025-05-05,MSFT,demo,78.71
2025-05-05,GOOGL,demo,70.35
2025-05-05,AMZN,demo,67.52
2025-05-05,TSLA,demo,56.36
2025-05-06,AAPL,demo,60.74
2025-05-06,MSFT,demo,78.54
2025-05-06,GOOGL,demo,71.87
2025-05-06,AMZN,demo,69.53
2025-05-06,TSLA,demo,55.97
2025-05-07,AAPL,demo,62.04
2025-05-07,MSFT,demo,77.55
2025-05-07,GOOGL,demo,72.32
2025-05-07,AMZN,demo,68.53
2025-05-07,TSLA,demo,53.98
2025-05-08,AAPL,demo,60.37
2025-05-08,MSFT,demo,80.23
2025-05-08,GOOGL,demo,71.66
2025-05-08,AMZN,demo,69.57
2025-05-08,TSLA,demo,55.68
2025-05-09,AAPL,demo,61.64
2025-05-09,MSFT,demo,78.97
2025-05-09,GOOGL,demo,70.56
2025-05-09,AMZN,demo,68.17
2025-05-09,TSLA,demo,56.1
2025-05-12,AAPL,demo,61.92
2025-05-12,MSFT,demo,78.68
2025-05-12,GOOGL,demo,73.67
2025-05-12,AMZN,demo,67.77
2025-05-12,TSLA,demo,54.06
2025-05-13,AAPL,demo,61.39
2025-05-13,MSFT,demo,79.29
2025-05-13,GOOGL,demo,70.24
2025-05-13,AMZN,demo,68.24
2025-05-13,TSLA,demo,55.49
2025-05-14,AAPL,demo,60.97
2025-05-14,MSFT,demo,79.63
2025-05-14,GOOGL,demo,72.6
2025-05-14,AMZN,demo,70.1
2025-05-14,TSLA,demo,53.93
2025-05-15,AAPL,demo,62.07
2025-05-15,MSFT,demo,77.5
2025-05-15,GOOGL,demo,70.34
2025-05-15,AMZN,demo,65.92
2025-05-15,TSLA,demo,55.22
2025-05-16,AAPL,demo,61.42
2025-05-16,MSFT,demo,78.04
2025-05-16,GOOGL,demo,70.19
2025-05-16,AMZN,demo,67.27
2025-05-16,TSLA,demo,54.68
2025-05-19,AAPL,demo,62.03
2025-05-19,MSFT,demo,78.5
2025-05-19,GOOGL,demo,72.21
2025-05-19,AMZN,demo,67.58
2025-05-19,TSLA,demo,56.43
2025-05-20,AAPL,demo,60.22
2025-05-20,MSFT,demo,77.82
2025-05-20,GOOGL,demo,71.47
2025-05-20,AMZN,demo,68.5
2025-05-20,TSLA,demo,53.64
2025-05-21,AAPL,demo,61.37
2025-05-21,MSFT,demo,78.69
2025-05-21,GOOGL,demo,71.27
2025-05-21,AMZN,demo,68.29
2025-05-21,TSLA,demo,53.67
2025-05-22,AAPL,demo,60.12
2025-05-22,MSFT,demo,78.62
2025-05-22,GOOGL,demo,70.3
2025-05-22,AMZN,demo,65.81
2025-05-22,TSLA,demo,55.21
2025-05-23,AAPL,demo,62.29
2025-05-23,MSFT,demo,78.05
2025-05-23,GOOGL,demo,71.29
2025-05-23,AMZN,demo,68.97
2025-05-23,TSLA,demo,53.54
2025-05-26,AAPL,demo,59.87
2025-05-26,MSFT,demo,79.23
2025-05-26,GOOGL,demo,71.97
2025-05-26,AMZN,demo,69.02
2025-05-26,TSLA,demo,52.54
2025-05-27,AAPL,demo,59.84
2025-05-27,MSFT,demo,78.54
2025-05-27,GOOGL,demo,72.38
2025-05-27,AMZN,demo,68.81
2025-05-27,TSLA,demo,54.86
2025-05-28,AAPL,demo,61.4
2025-05-28,MSFT,demo,78.13
2025-05-28,GOOGL,demo,73.55
2025-05-28,AMZN,demo,66.86
2025-05-28,TSLA,demo,55.04
2025-05-29,AAPL,demo,60.25
2025-05-29,MSFT,demo,79.06
2025-05-29,GOOGL,demo,70.92
2025-05-29,AMZN,demo,68.7
2025-05-29,TSLA,demo,54.79
2025-05-30,AAPL,demo,62.98
2025-05-30,MSFT,demo,78.24
2025-05-30,GOOGL,demo,72.38
2025-05-30,AMZN,demo,67.18
2025-05-30,TSLA,demo,54.39
2025-06-02,AAPL,demo,61.34
2025-06-02,MSFT,demo,76.99
2025-06-02,GOOGL,demo,70.54
2025-06-02,AMZN,demo,68.56
2025-06-02,TSLA,demo,54.53
2025-06-03,AAPL,demo,60.64
2025-06-03,MSFT,demo,77.78
2025-06-03,GOOGL,demo,71.26
2025-06-03,AMZN,demo,68.07
2025-06-03,TSLA,demo,55.13
2025-06-04,AAPL,demo,59.14
2025-06-04,MSFT,demo,79.93
2025-06-04,GOOGL,demo,73.3
2025-06-04,AMZN,demo,65.63
2025-06-04,TSLA,demo,55.77
2025-06-05,AAPL,demo,62.29
2025-06-05,MSFT,demo,78.52
2025-06-05,GOOGL,demo,70.66
2025-06-05,AMZN,demo,68.97
2025-06-05,TSLA,demo,54.44
2025-06-06,AAPL,demo,61.79
2025-06-06,MSFT,demo,80.74
2025-06-06,GOOGL,demo,72.21
2025-06-06,AMZN,demo,67.04
2025-06-06,TSLA,demo,54.34
2025-06-09,AAPL,demo,60.45
2025-06-09,MSFT,demo,78.95
2025-06-09,GOOGL,demo,71.15
2025-06-09,AMZN,demo,67.49
2025-06-09,TSLA,demo,53.4
2025-06-10,AAPL,demo,61.1
2025-06-10,MSFT,demo,78.7
2025-06-10,GOOGL,demo,69.28
2025-06-10,AMZN,demo,68.22
2025-06-10,TSLA,demo,54.63
2025-06-11,AAPL,demo,60.47
2025-06-11,MSFT,demo,80.55
2025-06-11,GOOGL,demo,72.92
2025-06-11,AMZN,demo,66.86
2025-06-11,TSLA,demo,55.52
2025-06-12,AAPL,demo,62.48
2025-06-12,MSFT,demo,78.65
2025-06-12,GOOGL,demo,72.32
2025-06-12,AMZN,demo,68.3
2025-06-12,TSLA,demo,52.59
2025-06-13,AAPL,demo,61.05
2025-06-13,MSFT,demo,78.28
2025-06-13,GOOGL,demo,73.39
2025-06-13,AMZN,demo,68.29
2025-06-13,TSLA,demo,54.38
2025-06-16,AAPL,demo,61.15
2025-06-16,MSFT,demo,79.54
2025-06-16,GOOGL,demo,71.78
2025-06-16,AMZN,demo,67.26
2025-06-16,TSLA,demo,54.4
2025-06-17,AAPL,demo,62.18
2025-06-17,MSFT,demo,79.02
2025-06-17,GOOGL,demo,72.0
2025-06-17,AMZN,demo,68.15
2025-06-17,TSLA,demo,54.12
2025-06-18,AAPL,demo,61.04
2025-06-18,MSFT,demo,77.86
2025-06-18,GOOGL,demo,71.67
2025-06-18,AMZN,demo,69.31
2025-06-18,TSLA,demo,53.6
2025-06-19,AAPL,demo,60.55
2025-06-19,MSFT,demo,77.27
2025-06-19,GOOGL,demo,70.49
2025-06-19,AMZN,demo,67.77
2025-06-19,TSLA,demo,54.06
2025-06-20,AAPL,demo,63.0
2025-06-20,MSFT,demo,78.24
2025-06-20,GOOGL,demo,73.25
2025-06-20,AMZN,demo,68.93
2025-06-20,TSLA,demo,54.47
2025-06-23,AAPL,demo,63.35
2025-06-23,MSFT,demo,78.79
2025-06-23,GOOGL,demo,73.47
2025-06-23,AMZN,demo,69.36
2025-06-23,TSLA,demo,55.1
2025-06-24,AAPL,demo,61.99
2025-06-24,MSFT,demo,79.15
2025-06-24,GOOGL,demo,70.82
2025-06-24,AMZN,demo,68.02
2025-06-24,TSLA,demo,55.75
2025-06-25,AAPL,demo,62.76
2025-06-25,MSFT,demo,77.8
2025-06-25,GOOGL,demo,72.49
2025-06-25,AMZN,demo,68.11
2025-06-25,TSLA,demo,54.56
2025-06-26,AAPL,demo,61.59
2025-06-26,MSFT,demo,78.74
2025-06-26,GOOGL,demo,72.5
2025-06-26,AMZN,demo,69.4
2025-06-26,TSLA,demo,55.46
2025-06-27,AAPL,demo,61.55
2025-06-27,MSFT,demo,80.39
2025-06-27,GOOGL,demo,73.07
2025-06-27,AMZN,demo,67.87
2025-06-27,TSLA,demo,53.46
2025-06-30,AAPL,demo,60.25
2025-06-30,MSFT,demo,79.45
2025-06-30,GOOGL,demo,71.33
2025-06-30,AMZN,demo,66.95
2025-06-30,TSLA,demo,53.92
2025-07-01,AAPL,demo,60.55
2025-07-01,MSFT,demo,79.37
2025-07-01,GOOGL,demo,71.8
2025-07-01,AMZN,demo,66.59
2025-07-01,TSLA,demo,54.71
2025-07-02,AAPL,demo,61.46
2025-07-02,MSFT,demo,78.04
2025-07-02,GOOGL,demo,73.12
2025-07-02,AMZN,demo,67.54
2025-07-02,TSLA,demo,55.79
2025-07-03,AAPL,demo,61.83
2025-07-03,MSFT,demo,79.45
2025-07-03,GOOGL,demo,70.86
2025-07-03,AMZN,demo,68.06
2025-07-03,TSLA,demo,54.63
2025-07-04,AAPL,demo,59.81
2025-07-04,MSFT,demo,79.63
2025-07-04,GOOGL,demo,71.14
2025-07-04,AMZN,demo,67.35
2025-07-04,TSLA,demo,53.67
2025-07-07,AAPL,demo,61.94
2025-07-07,MSFT,demo,77.0
2025-07-07,GOOGL,demo,72.58
2025-07-07,AMZN,demo,69.0
2025-07-07,TSLA,demo,55.22
2025-07-08,AAPL,demo,61.95
2025-07-08,MSFT,demo,79.28
2025-07-08,GOOGL,demo,71.01
2025-07-08,AMZN,demo,69.39
2025-07-08,TSLA,demo,54.22
2025-07-09,AAPL,demo,61.17
2025-07-09,MSFT,demo,78.19
2025-07-09,GOOGL,demo,72.45
2025-07-09,AMZN,demo,67.42
2025-07-09,TSLA,demo,54.75
2025-07-10,AAPL,demo,60.0
2025-07-10,MSFT,demo,79.69
2025-07-10,GOOGL,demo,72.63
2025-07-10,AMZN,demo,67.67
2025-07-10,TSLA,demo,54.21
2025-07-11,AAPL,demo,61.88
2025-07-11,MSFT,demo,77.81
2025-07-11,GOOGL,demo,72.09
2025-07-11,AMZN,demo,69.12
2025-07-11,TSLA,demo,53.87
2025-07-14,AAPL,demo,61.6
2025-07-14,MSFT,demo,78.84
2025-07-14,GOOGL,demo,71.86
2025-07-14,AMZN,demo,67.46
2025-07-14,TSLA,demo,55.9
2025-07-15,AAPL,demo,60.64
2025-07-15,MSFT,demo,76.71
2025-07-15,GOOGL,demo,72.6
2025-07-15,AMZN,demo,66.76
2025-07-15,TSLA,demo,55.37
2025-07-16,AAPL,demo,62.57
2025-07-16,MSFT,demo,79.15
2025-07-16,GOOGL,demo,73.03
2025-07-16,AMZN,demo,69.98
2025-07-16,TSLA,demo,55.65
2025-07-17,AAPL,demo,61.57
2025-07-17,MSFT,demo,80.16
2025-07-17,GOOGL,demo,73.71
2025-07-17,AMZN,demo,69.73
2025-07-17,TSLA,demo,54.19
2025-07-18,AAPL,demo,59.88
2025-07-18,MSFT,demo,77.97
2025-07-18,GOOGL,demo,72.66
2025-07-18,AMZN,demo,68.12
2025-07-18,TSLA,demo,54.47
2025-07-21,AAPL,demo,61.8
2025-07-21,MSFT,demo,77.05
2025-07-21,GOOGL,demo,72.1
2025-07-21,AMZN,demo,69.08
2025-07-21,TSLA,demo,55.23
2025-07-22,AAPL,demo,61.93
2025-07-22,MSFT,demo,80.12
2025-07-22,GOOGL,demo,71.89
2025-07-22,AMZN,demo,67.31
2025-07-22,TSLA,demo,55.87
2025-07-23,AAPL,demo,62.41
2025-07-23,MSFT,demo,79.08
2025-07-23,GOOGL,demo,71.8
2025-07-23,AMZN,demo,67.96
2025-07-23,TSLA,demo,53.4
2025-07-24,AAPL,demo,62.35
2025-07-24,MSFT,demo,79.6
2025-07-24,GOOGL,demo,70.65
2025-07-24,AMZN,demo,68.83
2025-07-24,TSLA,demo,55.08
2025-07-25,AAPL,demo,60.21
2025-07-25,MSFT,demo,77.32
2025-07-25,GOOGL,demo,72.33
2025-07-25,AMZN,demo,67.56
2025-07-25,TSLA,demo,56.5
2025-07-28,AAPL,demo,62.19
2025-07-28,MSFT,demo,79.0
2025-07-28,GOOGL,demo,72.48
2025-07-28,AMZN,demo,69.29
2025-07-28,TSLA,demo,55.53
2025-07-29,AAPL,demo,61.74
2025-07-29,MSFT,demo,77.54
2025-07-29,GOOGL,demo,75.02
2025-07-29,AMZN,demo,66.86
2025-07-29,TSLA,demo,54.37
2025-07-30,AAPL,demo,59.58
2025-07-30,MSFT,demo,79.06
2025-07-30,GOOGL,demo,72.11
2025-07-30,AMZN,demo,68.73
2025-07-30,TSLA,demo,52.94
2025-07-31,AAPL,demo,62.35
2025-07-31,MSFT,demo,77.71
2025-07-31,GOOGL,demo,71.81
2025-07-31,AMZN,demo,68.89
2025-07-31,TSLA,demo,54.94
2025-08-01,AAPL,demo,61.57
2025-08-01,MSFT,demo,79.32
2025-08-01,GOOGL,demo,72.39
2025-08-01,AMZN,demo,67.62
2025-08-01,TSLA,demo,54.51
2025-08-04,AAPL,demo,61.45
2025-08-04,MSFT,demo,77.63
2025-08-04,GOOGL,demo,72.96
2025-08-04,AMZN,demo,68.25
2025-08-04,TSLA,demo,54.76
2025-08-05,AAPL,demo,62.43
2025-08-05,MSFT,demo,78.4
2025-08-05,GOOGL,demo,71.78
2025-08-05,AMZN,demo,67.48
2025-08-05,TSLA,demo,55.02
2025-08-06,AAPL,demo,61.54
2025-08-06,MSFT,demo,77.86
2025-08-06,GOOGL,demo,71.78
2025-08-06,AMZN,demo,67.3
2025-08-06,TSLA,demo,53.98
2025-08-07,AAPL,demo,59.51
2025-08-07,MSFT,demo,78.29
2025-08-07,GOOGL,demo,70.26
2025-08-07,AMZN,demo,67.5
2025-08-07,TSLA,demo,54.07
2025-08-08,AAPL,demo,62.29
2025-08-08,MSFT,demo,77.51
2025-08-08,GOOGL,demo,71.2
2025-08-08,AMZN,demo,67.58
2025-08-08,TSLA,demo,54.1
2025-08-11,AAPL,demo,62.61
2025-08-11,MSFT,demo,77.38
2025-08-11,GOOGL,demo,71.58
2025-08-11,AMZN,demo,68.29
2025-08-11,TSLA,demo,55.56
2025-08-12,AAPL,demo,60.86
2025-08-12,MSFT,demo,76.6
2025-08-12,GOOGL,demo,71.81
2025-08-12,AMZN,demo,69.31
2025-08-12,TSLA,demo,54.96
2025-08-13,AAPL,demo,61.47
2025-08-13,MSFT,demo,77.46
2025-08-13,GOOGL,demo,70.79
2025-08-13,AMZN,demo,67.98
2025-08-13,TSLA,demo,53.25
2025-08-14,AAPL,demo,62.02
2025-08-14,MSFT,demo,77.67
2025-08-14,GOOGL,demo,71.94
2025-08-14,AMZN,demo,66.07
2025-08-14,TSLA,demo,54.29
2025-08-15,AAPL,demo,60.05
2025-08-15,MSFT,demo,76.2
2025-08-15,GOOGL,demo,72.5
2025-08-15,AMZN,demo,69.6
2025-08-15,TSLA,demo,55.81
2025-08-18,AAPL,demo,61.92
2025-08-18,MSFT,demo,78.11
2025-08-18,GOOGL,demo,72.77
2025-08-18,AMZN,demo,69.18
2025-08-18,TSLA,demo,54.82
2025-08-19,AAPL,demo,60.05
2025-08-19,MSFT,demo,78.02
2025-08-19,GOOGL,demo,73.66
2025-08-19,AMZN,demo,67.89
2025-08-19,TSLA,demo,51.36
2025-08-20,AAPL,demo,59.77
2025-08-20,MSFT,demo,78.1
2025-08-20,GOOGL,demo,73.0
2025-08-20,AMZN,demo,67.69
2025-08-20,TSLA,demo,55.73
2025-08-21,AAPL,demo,60.71
2025-08-21,MSFT,demo,76.56
2025-08-21,GOOGL,demo,71.47
2025-08-21,AMZN,demo,68.3
2025-08-21,TSLA,demo,54.94
2025-08-22,AAPL,demo,59.98
2025-08-22,MSFT,demo,78.17
2025-08-22,GOOGL,demo,74.64
2025-08-22,AMZN,demo,66.73
2025-08-22,TSLA,demo,55.34
2025-08-25,AAPL,demo,59.14
2025-08-25,MSFT,demo,79.39
2025-08-25,GOOGL,demo,71.07
2025-08-25,AMZN,demo,68.36
2025-08-25,TSLA,demo,53.39
2025-08-26,AAPL,demo,61.53
2025-08-26,MSFT,demo,77.61
2025-08-26,GOOGL,demo,71.24
2025-08-26,AMZN,demo,68.4
2025-08-26,TSLA,demo,54.25
2025-08-27,AAPL,demo,61.62
2025-08-27,MSFT,demo,78.33
2025-08-27,GOOGL,demo,72.03
2025-08-27,AMZN,demo,68.4
2025-08-27,TSLA,demo,54.33
2025-08-28,AAPL,demo,60.24
2025-08-28,MSFT,demo,77.99
2025-08-28,GOOGL,demo,73.15
2025-08-28,AMZN,demo,68.08
2025-08-28,TSLA,demo,53.84
2025-08-29,AAPL,demo,61.64
2025-08-29,MSFT,demo,78.99
2025-08-29,GOOGL,demo,72.48
2025-08-29,AMZN,demo,66.98
2025-08-29,TSLA,demo,54.0
2025-09-01,AAPL,demo,60.56
2025-09-01,MSFT,demo,78.16
2025-09-01,GOOGL,demo,72.5
2025-09-01,AMZN,demo,68.26
2025-09-01,TSLA,demo,55.06
2025-09-02,AAPL,demo,62.59
2025-09-02,MSFT,demo,79.21
2025-09-02,GOOGL,demo,71.82
2025-09-02,AMZN,demo,66.78
2025-09-02,TSLA,demo,53.97
2025-09-03,AAPL,demo,60.97
2025-09-03,MSFT,demo,79.35
2025-09-03,GOOGL,demo,71.93
2025-09-03,AMZN,demo,67.3
2025-09-03,TSLA,demo,53.95
2025-09-04,AAPL,demo,61.17
2025-09-04,MSFT,demo,79.41
2025-09-04,GOOGL,demo,73.55
2025-09-04,AMZN,demo,67.75
2025-09-04,TSLA,demo,54.64
2025-09-05,AAPL,demo,60.02
2025-09-05,MSFT,demo,80.46
2025-09-05,GOOGL,demo,70.56
2025-09-05,AMZN,demo,69.13
2025-09-05,TSLA,demo,54.32
2025-09-08,AAPL,demo,60.64
2025-09-08,MSFT,demo,77.41
2025-09-08,GOOGL,demo,74.37
2025-09-08,AMZN,demo,68.18
2025-09-08,TSLA,demo,54.7
2025-09-09,AAPL,demo,62.12
2025-09-09,MSFT,demo,77.87
2025-09-09,GOOGL,demo,71.96
2025-09-09,AMZN,demo,68.02
2025-09-09,TSLA,demo,54.17
2025-09-10,AAPL,demo,62.44
2025-09-10,MSFT,demo,78.3
2025-09-10,GOOGL,demo,70.41
2025-09-10,AMZN,demo,67.66
2025-09-10,TSLA,demo,54.93
2025-09-11,AAPL,demo,60.34
2025-09-11,MSFT,demo,77.71
2025-09-11,GOOGL,demo,71.41
2025-09-11,AMZN,demo,69.18
2025-09-11,TSLA,demo,54.19
2025-09-12,AAPL,demo,62.67
2025-09-12,MSFT,demo,77.91
2025-09-12,GOOGL,demo,72.28
2025-09-12,AMZN,demo,67.51
2025-09-12,TSLA,demo,55.43
2025-09-15,AAPL,demo,60.12
2025-09-15,MSFT,demo,79.26
2025-09-15,GOOGL,demo,72.07
2025-09-15,AMZN,demo,67.32
2025-09-15,TSLA,demo,54.51
2025-09-16,AAPL,demo,62.77
2025-09-16,MSFT,demo,78.66
2025-09-16,GOOGL,demo,71.26
2025-09-16,AMZN,demo,66.76
2025-09-16,TSLA,demo,55.19
2025-09-17,AAPL,demo,61.43
2025-09-17,MSFT,demo,79.22
2025-09-17,GOOGL,demo,70.5
2025-09-17,AMZN,demo,66.79
2025-09-17,TSLA,demo,55.83
2025-09-18,AAPL,demo,61.57
2025-09-18,MSFT,demo,79.05
2025-09-18,GOOGL,demo,71.0
2025-09-18,AMZN,demo,66.98
2025-09-18,TSLA,demo,55.67
2025-09-19,AAPL,demo,62.27
2025-09-19,MSFT,demo,77.43
2025-09-19,GOOGL,demo,70.68
2025-09-19,AMZN,demo,67.85
2025-09-19,TSLA,demo,53.88
2025-09-22,AAPL,demo,60.42
2025-09-22,MSFT,demo,77.27
2025-09-22,GOOGL,demo,71.49
2025-09-22,AMZN,demo,66.81
2025-09-22,TSLA,demo,53.59
2025-09-23,AAPL,demo,61.53
2025-09-23,MSFT,demo,78.47
2025-09-23,GOOGL,demo,72.44
2025-09-23,AMZN,demo,66.31
2025-09-23,TSLA,demo,54.69
2025-09-24,AAPL,demo,63.31
2025-09-24,MSFT,demo,78.15
2025-09-24,GOOGL,demo,72.78
2025-09-24,AMZN,demo,68.78
2025-09-24,TSLA,demo,55.55
2025-09-25,AAPL,demo,61.4
2025-09-25,MSFT,demo,79.09
2025-09-25,GOOGL,demo,72.66
2025-09-25,AMZN,demo,68.6
2025-09-25,TSLA,demo,53.56
2025-09-26,AAPL,demo,59.53
2025-09-26,MSFT,demo,76.97
2025-09-26,GOOGL,demo,71.69
2025-09-26,AMZN,demo,68.55
2025-09-26,TSLA,demo,53.58
2025-09-29,AAPL,demo,62.16
2025-09-29,MSFT,demo,78.02
2025-09-29,GOOGL,demo,71.47
2025-09-29,AMZN,demo,67.12
2025-09-29,TSLA,demo,52.8
2025-09-30,AAPL,demo,61.47
2025-09-30,MSFT,demo,80.23
2025-09-30,GOOGL,demo,71.9
2025-09-30,AMZN,demo,66.11
2025-09-30,TSLA,demo,55.46
2025-10-01,AAPL,demo,59.61
2025-10-01,MSFT,demo,77.31
2025-10-01,GOOGL,demo,71.72
2025-10-01,AMZN,demo,68.08
2025-10-01,TSLA,demo,53.67
2025-10-02,AAPL,demo,60.96
2025-10-02,MSFT,demo,79.24
2025-10-02,GOOGL,demo,72.81
2025-10-02,AMZN,demo,69.21
2025-10-02,TSLA,demo,56.59
2025-10-03,AAPL,demo,62.05
2025-10-03,MSFT,demo,78.3
2025-10-03,GOOGL,demo,72.82
2025-10-03,AMZN,demo,68.43
2025-10-03,TSLA,demo,55.19
2025-10-06,AAPL,demo,61.41
2025-10-06,MSFT,demo,77.61
2025-10-06,GOOGL,demo,70.93
2025-10-06,AMZN,demo,67.86
2025-10-06,TSLA,demo,54.83
2025-10-07,AAPL,demo,60.56
2025-10-07,MSFT,demo,78.94
2025-10-07,GOOGL,demo,74.04
2025-10-07,AMZN,demo,66.22
2025-10-07,TSLA,demo,55.26
2025-10-08,AAPL,demo,61.17
2025-10-08,MSFT,demo,78.97
2025-10-08,GOOGL,demo,71.53
2025-10-08,AMZN,demo,67.81
2025-10-08,TSLA,demo,54.81
2025-10-09,AAPL,demo,60.93
2025-10-09,MSFT,demo,77.0
2025-10-09,GOOGL,demo,71.73
2025-10-09,AMZN,demo,66.54
2025-10-09,TSLA,demo,55.33
2025-10-10,AAPL,demo,59.37
2025-10-10,MSFT,demo,79.55
2025-10-10,GOOGL,demo,72.39
2025-10-10,AMZN,demo,68.39
2025-10-10,TSLA,demo,52.52
2025-10-13,AAPL,demo,60.91
2025-10-13,MSFT,demo,79.67
2025-10-13,GOOGL,demo,71.44
2025-10-13,AMZN,demo,66.88
2025-10-13,TSLA,demo,54.04
2025-10-14,AAPL,demo,61.17
2025-10-14,MSFT,demo,77.67
2025-10-14,GOOGL,demo,73.19
2025-10-14,AMZN,demo,67.9
2025-10-14,TSLA,demo,54.12
2025-10-15,AAPL,demo,59.93
2025-10-15,MSFT,demo,79.01
2025-10-15,GOOGL,demo,72.42
2025-10-15,AMZN,demo,67.17
2025-10-15,TSLA,demo,52.44
2025-10-16,AAPL,demo,61.65
2025-10-16,MSFT,demo,78.33
2025-10-16,GOOGL,demo,72.3
2025-10-16,AMZN,demo,69.92
2025-10-16,TSLA,demo,54.65
2025-10-17,AAPL,demo,60.72
2025-10-17,MSFT,demo,77.37
2025-10-17,GOOGL,demo,71.65
2025-10-17,AMZN,demo,68.12
2025-10-17,TSLA,demo,54.73
2025-10-20,AAPL,demo,62.96
2025-10-20,MSFT,demo,79.02
2025-10-20,GOOGL,demo,71.83
2025-10-20,AMZN,demo,67.25
2025-10-20,TSLA,demo,54.95
2025-10-21,AAPL,demo,60.33
2025-10-21,MSFT,demo,78.7
2025-10-21,GOOGL,demo,72.45
2025-10-21,AMZN,demo,67.74
2025-10-21,TSLA,demo,54.05
2025-10-22,AAPL,demo,59.05
2025-10-22,MSFT,demo,79.67
2025-10-22,GOOGL,demo,72.36
2025-10-22,AMZN,demo,68.39
2025-10-22,TSLA,demo,53.12
2025-10-23,AAPL,demo,62.62
2025-10-23,MSFT,demo,78.06
2025-10-23,GOOGL,demo,71.67
2025-10-23,AMZN,demo,66.89
2025-10-23,TSLA,demo,52.89
2025-10-24,AAPL,demo,62.39
2025-10-24,MSFT,demo,79.81
2025-10-24,GOOGL,demo,71.79
2025-10-24,AMZN,demo,67.28
2025-10-24,TSLA,demo,54.3
2025-10-27,AAPL,demo,60.89
2025-10-27,MSFT,demo,77.32
2025-10-27,GOOGL,demo,71.67
2025-10-27,AMZN,demo,68.11
2025-10-27,TSLA,demo,55.7
2025-10-28,AAPL,demo,61.25
2025-10-28,MSFT,demo,76.95
2025-10-28,GOOGL,demo,72.31
2025-10-28,AMZN,demo,67.7
2025-10-28,TSLA,demo,56.05
2025-10-29,AAPL,demo,62.67
2025-10-29,MSFT,demo,79.99
2025-10-29,GOOGL,demo,71.4
2025-10-29,AMZN,demo,69.95
2025-10-29,TSLA,demo,55.03
2025-10-30,AAPL,demo,62.86
2025-10-30,MSFT,demo,78.02
2025-10-30,GOOGL,demo,71.66
2025-10-30,AMZN,demo,68.23
2025-10-30,TSLA,demo,54.83
2025-10-31,AAPL,demo,62.49
2025-10-31,MSFT,demo,78.29
2025-10-31,GOOGL,demo,73.12
2025-10-31,AMZN,demo,68.69
2025-10-31,TSLA,demo,54.47
2025-11-03,AAPL,demo,61.89
2025-11-03,MSFT,demo,78.05
2025-11-03,GOOGL,demo,74.31
2025-11-03,AMZN,demo,65.3
2025-11-03,TSLA,demo,55.35
2025-11-04,AAPL,demo,59.47
2025-11-04,MSFT,demo,78.3
2025-11-04,GOOGL,demo,71.87
2025-11-04,AMZN,demo,69.47
2025-11-04,TSLA,demo,53.99
2025-11-05,AAPL,demo,62.54
2025-11-05,MSFT,demo,77.34
2025-11-05,GOOGL,demo,73.31
2025-11-05,AMZN,demo,67.49
2025-11-05,TSLA,demo,54.75
2025-11-06,AAPL,demo,60.9
2025-11-06,MSFT,demo,79.8
2025-11-06,GOOGL,demo,73.05
2025-11-06,AMZN,demo,68.4
2025-11-06,TSLA,demo,53.53
2025-11-07,AAPL,demo,60.52
2025-11-07,MSFT,demo,77.49
2025-11-07,GOOGL,demo,69.71
2025-11-07,AMZN,demo,69.22
2025-11-07,TSLA,demo,54.35
2025-11-10,AAPL,demo,60.9
2025-11-10,MSFT,demo,80.02
2025-11-10,GOOGL,demo,71.48
2025-11-10,AMZN,demo,67.12
2025-11-10,TSLA,demo,54.46
2025-11-11,AAPL,demo,60.1
2025-11-11,MSFT,demo,78.87
2025-11-11,GOOGL,demo,71.59
2025-11-11,AMZN,demo,67.45
2025-11-11,TSLA,demo,54.09
2025-11-12,AAPL,demo,61.13
2025-11-12,MSFT,demo,78.6
2025-11-12,GOOGL,demo,71.44
2025-11-12,AMZN,demo,67.6
2025-11-12,TSLA,demo,54.6
2025-11-13,AAPL,demo,61.05
2025-11-13,MSFT,demo,78.55
2025-11-13,GOOGL,demo,71.28
2025-11-13,AMZN,demo,68.96
2025-11-13,TSLA,demo,54.78
2025-11-14,AAPL,demo,60.73
2025-11-14,MSFT,demo,78.87
2025-11-14,GOOGL,demo,71.89
2025-11-14,AMZN,demo,66.23
2025-11-14,TSLA,demo,55.02
2025-11-17,AAPL,demo,60.22
2025-11-17,MSFT,demo,79.46
2025-11-17,GOOGL,demo,71.72
2025-11-17,AMZN,demo,68.74
2025-11-17,TSLA,demo,54.05
2025-11-18,AAPL,demo,61.31
2025-11-18,MSFT,demo,79.73
2025-11-18,GOOGL,demo,71.69
2025-11-18,AMZN,demo,67.37
2025-11-18,TSLA,demo,55.34
2025-11-19,AAPL,demo,61.87
2025-11-19,MSFT,demo,77.97
2025-11-19,GOOGL,demo,69.97
2025-11-19,AMZN,demo,67.35
2025-11-19,TSLA,demo,55.36
2025-11-20,AAPL,demo,60.46
2025-11-20,MSFT,demo,78.51
2025-11-20,GOOGL,demo,71.3
2025-11-20,AMZN,demo,66.03
2025-11-20,TSLA,demo,54.01
2025-11-21,AAPL,demo,61.91
2025-11-21,MSFT,demo,76.15
2025-11-21,GOOGL,demo,72.21
2025-11-21,AMZN,demo,66.77
2025-11-21,TSLA,demo,55.29
2025-11-24,AAPL,demo,61.95
2025-11-24,MSFT,demo,78.35
2025-11-24,GOOGL,demo,71.79
2025-11-24,AMZN,demo,67.15
2025-11-24,TSLA,demo,53.33
2025-11-25,AAPL,demo,62.93
2025-11-25,MSFT,demo,77.66
2025-11-25,GOOGL,demo,73.53
2025-11-25,AMZN,demo,67.1
2025-11-25,TSLA,demo,55.21
2025-11-26,AAPL,demo,60.1
2025-11-26,MSFT,demo,79.04
2025-11-26,GOOGL,demo,71.63
2025-11-26,AMZN,demo,67.65
2025-11-26,TSLA,demo,55.29
2025-11-27,AAPL,demo,60.77
2025-11-27,MSFT,demo,77.09
2025-11-27,GOOGL,demo,72.72
2025-11-27,AMZN,demo,66.81
2025-11-27,TSLA,demo,55.2
2025-11-28,AAPL,demo,62.21
2025-11-28,MSFT,demo,78.15
2025-11-28,GOOGL,demo,73.14
2025-11-28,AMZN,demo,68.44
2025-11-28,TSLA,demo,53.98
2025-12-01,AAPL,demo,62.64
2025-12-01,MSFT,demo,77.38
2025-12-01,GOOGL,demo,71.58
2025-12-01,AMZN,demo,67.75
2025-12-01,TSLA,demo,55.29
2025-12-02,AAPL,demo,62.35
2025-12-02,MSFT,demo,79.57
2025-12-02,GOOGL,demo,72.18
2025-12-02,AMZN,demo,67.68
2025-12-02,TSLA,demo,52.85
2025-12-03,AAPL,demo,59.92
2025-12-03,MSFT,demo,80.29
2025-12-03,GOOGL,demo,70.12
2025-12-03,AMZN,demo,67.18
2025-12-03,TSLA,demo,55.83
2025-12-04,AAPL,demo,61.45
2025-12-04,MSFT,demo,79.45
2025-12-04,GOOGL,demo,72.5
2025-12-04,AMZN,demo,69.43
2025-12-04,TSLA,demo,54.98
2025-12-05,AAPL,demo,61.9
2025-12-05,MSFT,demo,77.8
2025-12-05,GOOGL,demo,72.55
2025-12-05,AMZN,demo,67.56
2025-12-05,TSLA,demo,54.23
2025-12-08,AAPL,demo,62.13
2025-12-08,MSFT,demo,79.42
2025-12-08,GOOGL,demo,73.65
2025-12-08,AMZN,demo,69.58
2025-12-08,TSLA,demo,55.6
2025-12-09,AAPL,demo,59.52
2025-12-09,MSFT,demo,80.35
2025-12-09,GOOGL,demo,72.88
2025-12-09,AMZN,demo,67.19
2025-12-09,TSLA,demo,55.41
2025-12-10,AAPL,demo,60.2
2025-12-10,MSFT,demo,79.14
2025-12-10,GOOGL,demo,70.64
2025-12-10,AMZN,demo,67.15
2025-12-10,TSLA,demo,55.39
2025-12-11,AAPL,demo,62.31
2025-12-11,MSFT,demo,78.85
2025-12-11,GOOGL,demo,71.67
2025-12-11,AMZN,demo,65.84
2025-12-11,TSLA,demo,54.47
2025-12-12,AAPL,demo,61.77
2025-12-12,MSFT,demo,78.2
2025-12-12,GOOGL,demo,71.94
2025-12-12,AMZN,demo,67.77
2025-12-12,TSLA,demo,54.36
2025-12-15,AAPL,demo,61.31
2025-12-15,MSFT,demo,78.25
2025-12-15,GOOGL,demo,73.4
2025-12-15,AMZN,demo,65.75
2025-12-15,TSLA,demo,54.13
2025-12-16,AAPL,demo,60.37
2025-12-16,MSFT,demo,78.74
2025-12-16,GOOGL,demo,72.04
2025-12-16,AMZN,demo,69.58
2025-12-16,TSLA,demo,56.63
2025-12-17,AAPL,demo,60.46
2025-12-17,MSFT,demo,78.52
2025-12-17,GOOGL,demo,72.16
2025-12-17,AMZN,demo,67.16
2025-12-17,TSLA,demo,55.31
2025-12-18,AAPL,demo,61.0
2025-12-18,MSFT,demo,77.45
2025-12-18,GOOGL,demo,71.68
2025-12-18,AMZN,demo,66.96
2025-12-18,TSLA,demo,55.72
2025-12-19,AAPL,demo,63.14
2025-12-19,MSFT,demo,78.77
2025-12-19,GOOGL,demo,72.07
2025-12-19,AMZN,demo,68.11
2025-12-19,TSLA,demo,55.86
2025-12-22,AAPL,demo,62.4
2025-12-22,MSFT,demo,78.41
2025-12-22,GOOGL,demo,72.21
2025-12-22,AMZN,demo,68.61
2025-12-22,TSLA,demo,53.54
2025-12-23,AAPL,demo,62.45
2025-12-23,MSFT,demo,80.26
2025-12-23,GOOGL,demo,73.12
2025-12-23,AMZN,demo,66.71
2025-12-23,TSLA,demo,52.71
2025-12-24,AAPL,demo,61.94
2025-12-24,MSFT,demo,77.76
2025-12-24,GOOGL,demo,72.25
2025-12-24,AMZN,demo,69.49
2025-12-24,TSLA,demo,54.02
2025-12-25,AAPL,demo,60.86
2025-12-25,MSFT,demo,78.8
2025-12-25,GOOGL,demo,70.66
2025-12-25,AMZN,demo,67.2
2025-12-25,TSLA,demo,54.71
2025-12-26,AAPL,demo,60.94
2025-12-26,MSFT,demo,79.13
2025-12-26,GOOGL,demo,74.73
2025-12-26,AMZN,demo,68.06
2025-12-26,TSLA,demo,53.84
2025-12-29,AAPL,demo,62.65
2025-12-29,MSFT,demo,76.93
2025-12-29,GOOGL,demo,70.57
2025-12-29,AMZN,demo,67.36
2025-12-29,TSLA,demo,54.4
2025-12-30,AAPL,demo,60.62
2025-12-30,MSFT,demo,78.49
2025-12-30,GOOGL,demo,72.23
2025-12-30,AMZN,demo,69.03
2025-12-30,TSLA,demo,54.77
2025-12-31,AAPL,demo,60.67
2025-12-31,MSFT,demo,79.54
2025-12-31,GOOGL,demo,71.14
2025-12-31,AMZN,demo,66.33
2025-12-31,TSLA,demo,55.89
2026-01-01,AAPL,demo,62.38
2026-01-01,MSFT,demo,77.73
2026-01-01,GOOGL,demo,71.56
2026-01-01,AMZN,demo,67.04
2026-01-01,TSLA,demo,55.01
2026-01-02,AAPL,demo,62.97
2026-01-02,MSFT,demo,79.22
2026-01-02,GOOGL,demo,73.0
2026-01-02,AMZN,demo,68.78
2026-01-02,TSLA,demo,54.68
2026-01-05,AAPL,demo,62.32
2026-01-05,MSFT,demo,79.27
2026-01-05,GOOGL,demo,73.4
2026-01-05,AMZN,demo,67.5
2026-01-05,TSLA,demo,52.94
2026-01-06,AAPL,demo,62.28
2026-01-06,MSFT,demo,78.87
2026-01-06,GOOGL,demo,71.66
2026-01-06,AMZN,demo,67.72
2026-01-06,TSLA,demo,57.24
2026-01-07,AAPL,demo,60.59
2026-01-07,MSFT,demo,77.67
2026-01-07,GOOGL,demo,72.05
2026-01-07,AMZN,demo,69.14
2026-01-07,TSLA,demo,56.96
2026-01-08,AAPL,demo,61.89
2026-01-08,MSFT,demo,77.25
2026-01-08,GOOGL,demo,73.93
2026-01-08,AMZN,demo,67.94
2026-01-08,TSLA,demo,53.84
2026-01-09,AAPL,demo,60.16
2026-01-09,MSFT,demo,79.36
2026-01-09,GOOGL,demo,72.2
2026-01-09,AMZN,demo,68.3
2026-01-09,TSLA,demo,55.97
2026-01-12,AAPL,demo,60.43
2026-01-12,MSFT,demo,79.89
2026-01-12,GOOGL,demo,71.44
2026-01-12,AMZN,demo,70.12
2026-01-12,TSLA,demo,55.28
2026-01-13,AAPL,demo,60.32
2026-01-13,MSFT,demo,76.5
2026-01-13,GOOGL,demo,72.77
2026-01-13,AMZN,demo,67.59
2026-01-13,TSLA,demo,54.52
2026-01-14,AAPL,demo,62.0
2026-01-14,MSFT,demo,79.53
2026-01-14,GOOGL,demo,73.18
2026-01-14,AMZN,demo,66.78
2026-01-14,TSLA,demo,56.11
2026-01-15,AAPL,demo,60.66
2026-01-15,MSFT,demo,76.27
2026-01-15,GOOGL,demo,70.78
2026-01-15,AMZN,demo,68.18
2026-01-15,TSLA,demo,53.7
2026-01-16,AAPL,demo,61.15
2026-01-16,MSFT,demo,78.86
2026-01-16,GOOGL,demo,71.78
2026-01-16,AMZN,demo,67.47
2026-01-16,TSLA,demo,53.43
2026-01-19,AAPL,demo,61.26
2026-01-19,MSFT,demo,76.46
2026-01-19,GOOGL,demo,71.27
2026-01-19,AMZN,demo,67.03
2026-01-19,TSLA,demo,54.44
2026-01-20,AAPL,demo,61.02
2026-01-20,MSFT,demo,79.48
2026-01-20,GOOGL,demo,73.54
2026-01-20,AMZN,demo,66.84
2026-01-20,TSLA,demo,56.67
2026-01-21,AAPL,demo,60.46
2026-01-21,MSFT,demo,78.69
2026-01-21,GOOGL,demo,72.47
2026-01-21,AMZN,demo,70.4
2026-01-21,TSLA,demo,54.14
2026-01-22,AAPL,demo,59.44
2026-01-22,MSFT,demo,80.01
2026-01-22,GOOGL,demo,71.13
2026-01-22,AMZN,demo,67.6
2026-01-22,TSLA,demo,53.56
2026-01-23,AAPL,demo,60.88
2026-01-23,MSFT,demo,77.68
2026-01-23,GOOGL,demo,72.64
2026-01-23,AMZN,demo,68.04
2026-01-23,TSLA,demo,54.0
2026-01-26,AAPL,demo,62.23
2026-01-26,MSFT,demo,78.78
2026-01-26,GOOGL,demo,70.11
2026-01-26,AMZN,demo,68.88
2026-01-26,TSLA,demo,54.87
2026-01-27,AAPL,demo,62.63
2026-01-27,MSFT,demo,78.65
2026-01-27,GOOGL,demo,71.17
2026-01-27,AMZN,demo,67.76
2026-01-27,TSLA,demo,55.48
